Predictor variable,Categorical,Sample average
PC1,false,-5716.324583780005
PC2,false,2679.615947905575
PC3,false,1186.449956759194
