X,Y,Test or train,Raw prediction,Cumulative prediction,Logistic prediction
-47.525,35.0639,train,0.03737710879222534,77.83967397098672,0.540573222636719
6.63,34.3489,train,0.04030427579133803,83.62239988029475,0.5592329562500001
