Predictor variable,Categorical,Sample average
PC1,false,6272.752631336453
PC2,false,-6544.587139683689
PC3,false,84.10479265831366
