X,Y,Test or train,Raw prediction,Cumulative prediction,Logistic prediction
94.3441,39.1797,train,0.16903669600267346,100.0,0.865079013749405
11.3475,16.3257,train,0.007812594120115975,7.669360811873086,0.22859754134136165
4.6553,32.7977,train,0.010040163022985197,15.475345916931241,0.27580013663170216
-10.1554,-10.5518,train,0.032372145532062385,69.39839610784753,0.5511489609007342
6.7137,29.5753,train,0.01609728368586468,37.578718684581176,0.3791085348094571
90.1403,45.9403,train,0.16812950494870404,100.0,0.8644496900966285
87.3065,47.234,train,0.18977428837889526,100.0,0.8780241592170337
-10.1325,-10.5253,train,0.032372145532062385,69.39839610784753,0.5511489609007342
97.1891,45.1907,train,0.09802019892237632,83.310785264302,0.7880463467040365
