Predictor variable,Categorical,Sample average
PC1,false,5390.524962816045
PC2,false,-5920.1400397589805
PC3,false,179.89421210665031
