Predictor variable,Categorical,Sample average
PC1,false,5848.750659117027
PC2,false,-5062.537641372152
PC3,false,403.661841274728
