Predictor variable,Categorical,Sample average
PC1,false,8357.994677183784
PC2,false,-511.52764322031413
PC3,false,-380.662704406213
