Predictor variable,Categorical,Sample average
PC1,false,4075.2876132733104
PC2,false,-2237.337210146678
PC3,false,-694.0876533705958
