X,Y,Test or train,Raw prediction,Cumulative prediction,Logistic prediction
9.9701,40.4731,train,0.02368614274537306,59.459983230228524,0.5288197167802279
102.1091,51.5068,train,0.02466419912556466,62.35831009880232,0.5388886395457401
94.4457,45.9801,train,0.0359189812733032,94.84361604811565,0.6298987523064439
17.398,41.9086,train,0.02024861261253072,40.704613673411636,0.4896521980850905
-7.1929,-7.392,train,0.03491003383461971,94.60963233554347,0.6232323911480923
21.9358,2.6891,train,0.02641439700112069,77.00293505063581,0.555872138966644
