Predictor variable,Categorical,Sample average
PC1,false,11022.129274789586
PC2,false,3139.597382205748
PC3,false,-509.95142434552145
