X,Y,Test or train,Raw prediction,Cumulative prediction,Logistic prediction
-16.8466,26.3714,train,0.01719420636985822,70.26383280592955,0.49877937122507343
119.9502,35.456,train,0.017563851204361516,72.87769151748398,0.5040968753425027
86.7886,54.2751,train,0.018454219979872996,83.89282945835143,0.5164535712108757
88.8679,53.214,train,0.018471467466887624,83.9411437501811,0.5166868579339644
5.6479,39.2556,train,0.016937918133649022,52.44074010810587,0.4950251072479742
-16.8387,26.3694,train,0.01719420636985822,70.26383280592955,0.49877937122507343
5.4893,38.0506,train,0.016938954814420055,52.57287430731473,0.49504040645310854
