Predictor variable,Categorical,Sample average
PC1,false,-12.442616533431776
PC2,false,89.15670686474343
PC3,false,-449.7926977646029
