X,Y,Test or train,Raw prediction,Cumulative prediction,Logistic prediction
-47.525,35.0639,train,0.39742074544019274,96.74206238060415,0.7580217932737203
-149.36,-59.8952,train,0.38133713703545796,93.68794382968144,0.7503636684520312
