Predictor variable,Categorical,Sample average
PC1,false,716.7099325044403
PC2,false,1330.8898822239341
PC3,false,260.50202731265813
