X,Y,Test or train,Raw prediction,Cumulative prediction,Logistic prediction
31.9863,-31.4955,train,0.016690521204208924,36.89149996962345,0.5001156974005758
75.5176,40.162,train,0.016694506762458265,37.812754830298566,0.5001753881986459
9.177,40.6294,train,0.01703723654572186,83.05217725995544,0.5052555958306817
74.5215,42.7568,train,0.01666757744489797,33.294678184396105,0.49977179647901265
17.5927,37.0722,train,0.016988295813498165,78.28742822954247,0.5045364878335198
9.6866,41.3584,train,0.01695248783846858,70.45570800154525,0.5040090196044862
64.9409,56.1607,train,0.016397191276000547,10.352163647180584,0.4956830773697072
