Predictor variable,Categorical,Sample average
PC1,false,1114.7278583760005
PC2,false,-25.925789673105424
PC3,false,-257.1947852143293
