Predictor variable,Categorical,Sample average
PC1,false,1627.6327604152432
PC2,false,-1289.53188939434
PC3,false,1188.903316582094
