X,Y,Test or train,Raw prediction,Cumulative prediction,Logistic prediction
19.9887,13.6431,train,0.01831774473671487,64.91019460808214,0.5130102390898768
19.8917,13.6869,train,0.01831774473671487,64.91019460808214,0.5130102390898768
33.0864,30.6038,train,0.023168870562756853,83.72664524226535,0.5712595780111529
