X,Y,Test or train,Raw prediction,Cumulative prediction,Logistic prediction
32.114,9.2479,train,0.022563003048373866,46.12579183497169,0.5106424859273521
32.3254,9.3393,train,0.022563003048373866,46.12579183497169,0.5106424859273521
10.0454,41.646,train,0.026622492649273608,64.22876640824904,0.5518185954257
10.0629,41.6494,train,0.026622492649273608,64.22876640824904,0.5518185954257
102.8431,49.1864,train,0.016245156727623687,16.706874589218152,0.4289980281202306
9.9871,41.6435,train,0.026622492649273608,64.22876640824904,0.5518185954257
31.954,8.993,train,0.022563003048373866,46.12579183497169,0.5106424859273521
