Predictor variable,Categorical,Sample average
PC1,false,11270.477464849466
PC2,false,-875.4192405597644
PC3,false,274.2067831059015
