X,Y,Test or train,Raw prediction,Cumulative prediction,Logistic prediction
73.899,42.4236,train,0.017036926939709783,34.02250403059579,0.4999999999999987
9.177,40.6294,train,0.017288846734677277,37.77414747567344,0.5036695428536748
