Raw value,Corresponding cumulative value,Corresponding Logistic value,Fractional area,Training omission,Test omission
1.06131E-2,1.061314509,0.028621087,0.066666667,0.428571429,0
1.21382E-1,13.199547878,0.252047698,0.05,0.428571429,0
3.76447E-1,50.844277953,0.511026177,0.033333333,0.428571429,0
4.91557E-1,100,0.57710789,0.016666667,0.428571429,0
1E0,100,0.735184683,0,0.428571429,0
