Predictor variable,Categorical,Sample average
PC1,false,-2228.5228205893595
PC2,false,-967.9800454013277
PC3,false,174.098993954817
