X,Y,Test or train,Raw prediction,Cumulative prediction,Logistic prediction
-54.1515,36.6608,train,0.17290564916746362,100.0,0.8625312309042916
-49.2426,40.4999,train,0.08572713630598802,100.0,0.7567416660755593
1.2062,33.6762,train,0.017295115759079736,28.132876121385944,0.3855995948845223
