Predictor variable,Categorical,Sample average
PC1,false,79.80387208805378
PC2,false,-164.16063133946554
PC3,false,-502.4474706619947
