Predictor variable,Categorical,Sample average
PC1,false,-3360.7804818646982
PC2,false,-1185.6410357868444
PC3,false,193.9259183205461
