Predictor variable,Categorical,Sample average
PC1,false,7865.0198884254305
PC2,false,4676.439450729316
PC3,false,55.7621520825377
