Predictor variable,Categorical,Sample average
PC1,false,519.8140051126319
PC2,false,1249.0928733021826
PC3,false,644.941581947311
