Predictor variable,Categorical,Sample average
PC1,false,4352.914763983524
PC2,false,-2502.2140120648182
PC3,false,-857.6243443062222
