Predictor variable,Categorical,Sample average
PC1,false,1287.0400124168611
PC2,false,-2679.013671534114
PC3,false,1209.260542774751
