Predictor variable,Categorical,Sample average
PC1,false,-1773.378149588333
PC2,false,628.2680357913936
PC3,false,472.0647029702024
