Predictor variable,Categorical,Sample average
PC1,false,11139.340608638193
PC2,false,-1266.2031287179068
PC3,false,413.0852115628915
