Predictor variable,Categorical,Sample average
PC1,false,5996.533962922076
PC2,false,-4873.186144496797
PC3,false,466.8149598810388
