Predictor variable,Categorical,Sample average
PC1,false,2965.9955103811135
PC2,false,-781.9697919066651
PC3,false,-311.57983270898
