Predictor variable,Categorical,Sample average
PC1,false,-2157.66770568879
PC2,false,-1797.9310956720642
PC3,false,-135.6009677912047
