Predictor variable,Categorical,Sample average
PC1,false,654.0997413962131
PC2,false,1772.2042241764275
PC3,false,-79.680005179873
