X,Y,Test or train,Raw prediction,Cumulative prediction,Logistic prediction
73.899,42.4236,train,0.01913718228759366,78.58995343087278,0.5297523096016212
31.9863,-31.4955,train,0.016987591386291075,54.51381824097864,0.4999999999995173
