species,X,Y,PC1,PC2,PC3
insect.M.distribution170t1.3_PA2_RUN1,73.899,42.4236,-621.792380770041,1782.81127661767,-419.977699933142
insect.M.distribution170t1.3_PA2_RUN1,31.9863,-31.4955,367.037169981192,-72.0972186123871,625.761808620969
