X,Y,Test or train,Raw prediction,Cumulative prediction,Logistic prediction
-8.8925,-67.8316,train,0.030760867952568893,77.4602477470907,0.5926551789605162
60.181,36.5001,train,0.025394089365236083,57.34775694043199,0.545678722525865
-7.7689,-68.1295,train,0.03565851934893131,85.72341171579484,0.627778296763277
20.186,5.5223,train,0.023479362598742635,48.774642277973044,0.5261838198296221
-37.9346,-51.1023,train,0.039957887308780665,96.20540748937624,0.6539698664804917
