Predictor variable,Categorical,Sample average
PC1,false,4281.213851825722
PC2,false,-2133.1052461142817
PC3,false,-1257.392432942414
