X,Y,Test or train,Raw prediction,Cumulative prediction,Logistic prediction
-32.0802,-45.4725,train,0.016440723570877305,31.98804662867577,0.49649901301790955
102.3723,-58.511,train,0.01670449832456053,74.0023045753734,0.5004781162597467
10.7859,32.6553,train,0.01709645847257164,87.41349168226711,0.5062761095788199
10.7666,32.6534,train,0.01709645847257164,87.41349168226711,0.5062761095788199
