Predictor variable,Categorical,Sample average
PC1,false,5539.184610597757
PC2,false,-4792.106685287382
PC3,false,485.12925183546434
