Predictor variable,Categorical,Sample average
PC1,false,5073.462519936336
PC2,false,-4725.72468191748
PC3,false,515.1094464934013
