Predictor variable,Categorical,Sample average
PC1,false,4329.181981269673
PC2,false,-2486.154621096894
PC3,false,-716.4021839149683
