Raw value,Corresponding cumulative value,Corresponding Logistic value,Fractional area,Training omission,Test omission
1.10839E-5,0.001108386,0.000021987,0.05,0.7,0
3.57274E-2,3.572738068,0.066182787,0.05,0.733333333,0
2.30964E-1,26.669100091,0.314208375,0.033333333,0.733333333,0
7.33309E-1,100,0.592615784,0.016666667,0.733333333,0
1E0,100,0.664848744,0,0.733333333,0
