Predictor variable,Categorical,Sample average
PC1,false,2.6833758754077737
PC2,false,-319.8652677255376
PC3,false,-135.832728421014
