Predictor variable,Categorical,Sample average
PC1,false,3859.3983997898176
PC2,false,-2691.677111354143
PC3,false,-783.7710826262925
