X,Y,Test or train,Raw prediction,Cumulative prediction,Logistic prediction
19.0675,40.1875,train,0.03705455431473451,40.78859927926737,0.4999999998953519
7.9496,42.4842,train,0.04584360511984541,53.584167375639126,0.5530111334672734
