Predictor variable,Categorical,Sample average
PC1,false,-4048.7792557688304
PC2,false,2288.5559090651977
PC3,false,1838.3672054894976
