X,Y,Test or train,Raw prediction,Cumulative prediction,Logistic prediction
8.3977,34.0762,train,0.17907860161623929,100.0,0.872751537757502
10.7859,32.6553,train,0.0329265312067488,61.25734836634478,0.5577321820036956
91.6036,28.9099,train,0.021813426641176335,47.728489051446886,0.45517323318297725
10.7666,32.6534,train,0.0329265312067488,61.25734836634478,0.5577321820036956
