Predictor variable,Categorical,Sample average
PC1,false,872.6039921210723
PC2,false,1958.4270364305848
PC3,false,327.0825398469691
