X,Y,Test or train,Raw prediction,Cumulative prediction,Logistic prediction
19.0675,40.1875,train,0.03152516373912251,40.642745685716186,0.49999999519464555
7.764,42.0,train,0.037836697988967626,46.77023079985484,0.5454971466415526
