Predictor variable,Categorical,Sample average
PC1,false,-2375.7189501880925
PC2,false,829.0819945015362
PC3,false,162.8509130003205
