X,Y,Test or train,Raw prediction,Cumulative prediction,Logistic prediction
80.099,49.5909,train,0.017308848176358322,46.02145985197644,0.5001946487840794
119.9502,35.456,train,0.01781432789809564,47.88583271988854,0.5073904219120763
88.8679,53.214,train,0.01728921293877825,45.948694626393845,0.4999108866553709
5.6479,39.2556,train,0.018368900647343606,56.925213428241385,0.5150504074019235
5.5091,38.0668,train,0.018368767506677867,56.91884997318914,0.5150485969978663
-16.8387,26.3694,train,0.01783090504112047,47.946630950400646,0.5076228991056488
5.4924,38.0538,train,0.018368767506677867,56.91884997318914,0.5150485969978663
5.4932,38.0514,train,0.018368767506677867,56.91884997318914,0.5150485969978663
