Predictor variable,Categorical,Sample average
PC1,false,1151.8588525111659
PC2,false,-72.39551334216617
PC3,false,-408.396277721223
