Predictor variable,Categorical,Sample average
PC1,false,8231.138253217052
PC2,false,-1918.0556571396876
PC3,false,-438.93273002625676
