Predictor variable,Categorical,Sample average
PC1,false,4125.569008872283
PC2,false,436.9171328067451
PC3,false,-69.82646314104389
