Predictor variable,Categorical,Sample average
PC1,false,1707.3645684986855
PC2,false,2104.6220185048924
PC3,false,266.23065557060954
