X,Y,Test or train,Raw prediction,Cumulative prediction,Logistic prediction
32.114,9.2479,train,0.02736306656601177,54.15249060229917,0.5155074435837623
7.9127,30.9913,train,0.024439426218114207,30.831485616045647,0.48726604506797105
10.0454,41.646,train,0.03418775702428986,73.8548186469883,0.5707037736244742
