Predictor variable,Categorical,Sample average
PC1,false,11302.171874257234
PC2,false,-1122.7157351668834
PC3,false,255.59259821825034
