Predictor variable,Categorical,Sample average
PC1,false,7815.553781278548
PC2,false,5193.863062201463
PC3,false,10.443464731347854
