Predictor variable,Categorical,Sample average
PC1,false,-3343.8948492980653
PC2,false,1307.5823194595935
PC3,false,1884.3623242163858
