X,Y,Test or train,Raw prediction,Cumulative prediction,Logistic prediction
15.5624,35.4876,train,0.02600247315752744,81.61993223737755,0.5862764807760402
8.3977,34.0762,train,0.03387561189379302,87.4414181860948,0.6486470032365503
-32.0802,-45.4725,train,0.011222223905269576,8.050237059732945,0.37949270205946956
10.7859,32.6553,train,0.01976576194743127,77.26947379534927,0.5185797304048849
91.6036,28.9099,train,0.01763779964108306,70.6336469987763,0.4901128431802635
29.5466,40.7095,train,0.0310658224172035,85.70355046391947,0.6286687969270205
