X,Y,Test or train,Raw prediction,Cumulative prediction,Logistic prediction
20.1294,3.9057,train,0.040705199189974575,58.54785073240992,0.5498282651832299
32.3254,9.3393,train,0.04316010886234923,61.88305211931789,0.5642767861660684
10.0454,41.646,train,0.06515153524029516,80.43585009600217,0.6615785883763379
