Predictor variable,Categorical,Sample average
PC1,false,665.4531851492558
PC2,false,1741.7262419100903
PC3,false,-101.69594262680651
