Predictor variable,Categorical,Sample average
PC1,false,10.136588131517646
PC2,false,1628.1072325741918
PC3,false,-60.69137112356475
