Predictor variable,Categorical,Sample average
PC1,false,2542.89030778276
PC2,false,1579.855390874664
PC3,false,-298.92863315061334
