X,Y,Test or train,Raw prediction,Cumulative prediction,Logistic prediction
9.177,40.6294,train,0.017383308163615822,39.63078161899521,0.5060698062024379
19.7184,43.5586,train,0.015830206619793896,23.75409489838739,0.48267940803779696
10.7649,37.8912,train,0.017223847819324713,36.87895090343514,0.5037661531164846
113.0814,60.9084,train,0.021479017570484715,100.0,0.5586898331114263
74.5215,42.7568,train,0.01745458716929583,40.2480497945444,0.5070926396785107
17.5927,37.0722,train,0.017479004931477846,40.45972103133574,0.5074420541713238
64.9409,56.1607,train,0.017199263073566357,36.64610282626038,0.5034090749423041
9.6866,41.3584,train,0.016544692322403506,27.86548316427388,0.4937091613574513
