Predictor variable,Categorical,Sample average
PC1,false,2180.393643559783
PC2,false,-1036.5164443893314
PC3,false,-558.0735006646047
