X,Y,Test or train,Raw prediction,Cumulative prediction,Logistic prediction
-149.36,-59.8952,train,0.8609892801631508,100.0,0.8084405750733502
6.63,34.3489,train,0.2040108321090602,53.59336267832432,0.5000000349470849
