X,Y,Test or train,Raw prediction,Cumulative prediction,Logistic prediction
85.0809,16.9308,train,0.017168472048528206,94.36269083822226,0.5073320692658414
73.4066,39.989,train,0.01633638537546604,21.070651812619317,0.4949128130285267
18.7074,40.8828,train,0.01680024509851625,50.58285531808157,0.5019122841032382
0.3109,34.0248,train,0.017210223555425997,97.58898247551481,0.5079391572409424
