species,X,Y,PC1,PC2,PC3
insect.M.distribution150t1.3_PA1_RUN2,85.0809,16.9308,1284.41890907178,-2990.70221991342,1133.1105085036
insect.M.distribution150t1.3_PA1_RUN2,73.4066,39.989,3405.00736976838,1902.41779043415,11.4358951845657
insect.M.distribution150t1.3_PA1_RUN2,18.7074,40.8828,5213.70124974659,-855.25322681366,-839.861351433332
insect.M.distribution150t1.3_PA1_RUN2,0.3109,34.0248,-2196.52278834294,-3229.93392676257,1114.2513508586
