X,Y,Test or train,Raw prediction,Cumulative prediction,Logistic prediction
-0.5947,35.4562,train,0.022869658820952724,89.41175014225442,0.5722336653692779
109.4701,32.2945,train,0.016237676323776914,59.99338414140707,0.4871262124049282
94.4103,-56.7947,train,0.016706359004288816,67.35846089887697,0.49423741776556224
10.1539,40.9589,train,0.019568184568091614,81.71176384641385,0.5337148213983768
94.353,-56.7876,train,0.016718870130132044,67.71881224351753,0.4944245446497501
