Predictor variable,Categorical,Sample average
PC1,false,-3263.8163792690366
PC2,false,1858.5773547369686
PC3,false,-13.003330494863667
