Predictor variable,Categorical,Sample average
PC1,false,9378.747877631242
PC2,false,-760.0647477812594
PC3,false,-648.3741198653831
