X,Y,Test or train,Raw prediction,Cumulative prediction,Logistic prediction
19.0675,40.1875,train,0.02664511487105813,52.20607315704209,0.5436412211926335
7.9496,42.4842,train,0.02857633828211705,56.145871335264864,0.5609413692009723
7.764,42.0,train,0.028587243890450347,56.16258244813397,0.5610353394432008
15.8295,43.1459,train,0.024450690474403194,39.837677219217085,0.522251004304236
-34.7738,-26.4047,train,0.020586517812717437,27.8357154631322,0.47927207978761655
19.4402,40.2154,train,0.026556477520653328,51.96338271797585,0.5428144143213511
18.9409,40.1739,train,0.02664511487105813,52.20607315704209,0.5436412211926335
7.7644,42.0013,train,0.028587243890450347,56.16258244813397,0.5610353394432008
97.3889,45.5044,train,0.013375360202145692,14.858019673537218,0.3742138228381589
