X,Y,Test or train,Raw prediction,Cumulative prediction,Logistic prediction
-16.8466,26.3714,train,0.02862193812006084,74.69742408369652,0.5919434725579983
80.099,49.5909,train,0.05776753516991662,100.0,0.7454059937582866
86.7886,54.2751,train,0.02139515034158373,60.797121031346194,0.5202379916708599
88.8679,53.214,train,0.022884587134588876,63.99432244265462,0.5370060999204478
5.6479,39.2556,train,0.010707710134860602,16.653773012360908,0.3517845974435174
-16.8387,26.3694,train,0.02862193812006084,74.69742408369652,0.5919434725579983
