Predictor variable,Categorical,Sample average
PC1,false,-1657.0009094369116
PC2,false,2440.306955803447
PC3,false,-512.6111018337521
