Predictor variable,Categorical,Sample average
PC1,false,7070.380227845974
PC2,false,3797.9491614003505
PC3,false,77.35947484240175
