X,Y,Test or train,Raw prediction,Cumulative prediction,Logistic prediction
9.9701,40.4731,train,0.011762000926243967,19.421217317302528,0.39517506516669376
123.8358,-60.614,train,0.014729272235886126,34.82089222935095,0.4500057569609828
102.1091,51.5068,train,0.04431601874882133,99.98011361299028,0.7111266016832879
94.4457,45.9801,train,0.044636866912063464,100.0,0.7126062654556805
-7.1932,-7.377,train,0.029818924115168195,88.56543373566952,0.6235535806350705
-7.1929,-7.392,train,0.029818924115168195,88.56543373566952,0.6235535806350705
21.9358,2.6891,train,0.011329734023949786,17.485773106526143,0.3862616617847991
