Predictor variable,Categorical,Sample average
PC1,false,390.70772923930537
PC2,false,1585.2499831101272
PC3,false,-152.73397298031006
