Predictor variable,Categorical,Sample average
PC1,false,371.10071083240484
PC2,false,1964.9592532578824
PC3,false,246.77478971592717
