X,Y,Test or train,Raw prediction,Cumulative prediction,Logistic prediction
1.3308,35.7007,train,0.026606203577681998,89.20890825510037,0.5767281145721194
0.5533,36.0223,train,0.026601871275527128,89.15857778058957,0.5766883618236455
77.9262,56.7389,train,0.01991919141330716,33.264588911558285,0.5049737050193818
-40.7807,36.1015,train,0.013963316171555282,19.118146334282503,0.41693834797666285
0.6689,35.7614,train,0.026606203577681998,89.20890825510037,0.5767281145721194
1.2819,37.671,train,0.02525936172573621,51.86809872983906,0.5639991779333713
-51.6012,-1.9385,train,0.013883347530106232,18.993550021248574,0.4155427647960633
30.9553,36.0985,train,0.026002683683015722,56.044474342286485,0.5711173992746722
