Predictor variable,Categorical,Sample average
PC1,false,146.9337685343625
PC2,false,1287.8781836428955
PC3,false,-439.8941548985977
