X,Y,Test or train,Raw prediction,Cumulative prediction,Logistic prediction
21.0529,15.1588,train,0.019940394880816358,81.51749207656061,0.5401346828780654
19.9887,13.6431,train,0.021332808280558502,90.57530841894935,0.5568489851776234
19.8917,13.6869,train,0.021332808280558502,90.57530841894935,0.5568489851776234
33.0864,30.6038,train,0.014455983111856106,5.3459079264343865,0.4598977430514323
31.8405,45.1568,train,0.01644739857250672,55.09903044875742,0.49207681800904746
53.1845,-52.0881,train,0.018542012029520445,74.30429932930322,0.5220298216313849
