Predictor variable,Categorical,Sample average
PC1,false,1405.121412198781
PC2,false,1237.5522066689946
PC3,false,862.671296577318
