X,Y,Test or train,Raw prediction,Cumulative prediction,Logistic prediction
75.5176,40.162,train,0.016973794491800778,33.73610062232523,0.5000001288237976
9.177,40.6294,train,0.019329269461066452,75.98022684798296,0.5324419487890065
