Predictor variable,Categorical,Sample average
PC1,false,-5374.316209684675
PC2,false,-499.1234578340338
PC3,false,173.47020712330732
