X,Y,Test or train,Raw prediction,Cumulative prediction,Logistic prediction
9.6879,40.4002,train,0.01568172841368475,35.13526627228989,0.48324169096659436
99.4583,62.3936,train,0.0148323815200169,6.059474677050702,0.4693530010320188
84.879,59.8185,train,0.02439788366839952,99.99998469171751,0.5926525497336601
32.4277,-30.4923,train,0.017067553912314435,63.51729426822227,0.504406044896525
91.3854,49.5669,train,0.02250719294132766,98.22776231978507,0.5730437093261037
