Predictor variable,Categorical,Sample average
PC1,false,-3448.09456492133
PC2,false,-5601.909793166713
PC3,false,522.3895256828528
