X,Y,Test or train,Raw prediction,Cumulative prediction,Logistic prediction
-41.8379,-40.0989,train,0.024149252931267816,76.30706374217108,0.5681905921070017
73.5722,59.7387,train,0.01665385255740327,49.618280298228854,0.47573426199608443
97.9985,49.3755,train,0.07539537759426118,100.0,0.8042332011732198
