Predictor variable,Categorical,Sample average
PC1,false,1081.7655471725332
PC2,false,1399.5502919241371
PC3,false,209.4947846049316
