X,Y,Test or train,Raw prediction,Cumulative prediction,Logistic prediction
20.1294,3.9057,train,0.03300020231364127,68.64475498279425,0.5867829804599044
7.9127,30.9913,train,0.022671440681766877,37.5225624243271,0.4938189239860803
10.0454,41.646,train,0.03013902449074649,66.95820577630967,0.564633649322677
102.8431,49.1864,train,0.018339131663494736,28.527976365285074,0.44107645693139014
10.0629,41.6494,train,0.03013902449074649,66.95820577630967,0.564633649322677
9.9871,41.6435,train,0.03013902449074649,66.95820577630967,0.564633649322677
