Predictor variable,Categorical,Sample average
PC1,false,11513.272622613491
PC2,false,806.403128633192
PC3,false,-347.3133888709322
