Predictor variable,Categorical,Sample average
PC1,false,6379.142046162458
PC2,false,-4207.537252387492
PC3,false,275.2940309401834
