X,Y,Test or train,Raw prediction,Cumulative prediction,Logistic prediction
-54.1515,36.6608,train,0.05012821401061811,43.114274507205664,0.5517790587110541
-168.9006,-56.5336,train,0.03629877374229169,28.576305934006726,0.47129693816091334
-49.2426,40.4999,train,0.05580809174270914,46.99087191902229,0.5781531085460191
