Predictor variable,Categorical,Sample average
PC1,false,533.371920537217
PC2,false,2833.5457441661297
PC3,false,424.8195284038434
