Predictor variable,Categorical,Sample average
PC1,false,11139.290504402534
PC2,false,-1310.5469374384318
PC3,false,473.7070353367926
