Predictor variable,Categorical,Sample average
PC1,false,1017.6312084615602
PC2,false,1280.280139986395
PC3,false,-334.15115371553173
