Predictor variable,Categorical,Sample average
PC1,false,-2971.39257325788
PC2,false,541.3486291472491
PC3,false,185.42099828091298
