Predictor variable,Categorical,Sample average
PC1,false,7604.241040626309
PC2,false,5621.447724155579
PC3,false,173.29388936296175
