Predictor variable,Categorical,Sample average
PC1,false,4986.587182211016
PC2,false,-3869.614325222364
PC3,false,607.5840967908454
