Predictor variable,Categorical,Sample average
PC1,false,-885.8624048526862
PC2,false,628.20850977509
PC3,false,243.12504075289743
