Predictor variable,Categorical,Sample average
PC1,false,2622.100267353494
PC2,false,-2606.6158156057154
PC3,false,563.6800653237387
