Predictor variable,Categorical,Sample average
PC1,false,-1320.0721669199104
PC2,false,-45.71552085274652
PC3,false,624.0336987285657
