Predictor variable,Categorical,Sample average
PC1,false,3750.3475278482883
PC2,false,-2168.078920300528
PC3,false,-478.21964069819495
