Predictor variable,Categorical,Sample average
PC1,false,561.1375801825506
PC2,false,-204.88469243871168
PC3,false,-388.5974225968284
