Predictor variable,Categorical,Sample average
PC1,false,-3306.1254208944542
PC2,false,1255.8279887477609
PC3,false,74.55538680056615
