Predictor variable,Categorical,Sample average
PC1,false,10319.929522015604
PC2,false,6262.241959773356
PC3,false,-64.40923538362811
