Predictor variable,Categorical,Sample average
PC1,false,-2042.8587221976302
PC2,false,-360.1674415054205
PC3,false,113.27563660277734
