Predictor variable,Categorical,Sample average
PC1,false,9852.463983716369
PC2,false,4332.7599452791455
PC3,false,-237.31532649598955
