Predictor variable,Categorical,Sample average
PC1,false,2693.7569373658907
PC2,false,-2692.7451124488834
PC3,false,647.8996620261146
