Predictor variable,Categorical,Sample average
PC1,false,2514.8031054533144
PC2,false,1481.9276845973468
PC3,false,503.16864578559296
