X,Y,Test or train,Raw prediction,Cumulative prediction,Logistic prediction
109.4701,32.2945,train,0.016502546991860698,66.2868381937784,0.4957326308746386
3.4722,-47.3345,train,0.015743713708883434,35.40667648623859,0.4839696291046581
94.353,-56.7876,train,0.016675359833187235,68.91661078330041,0.498336893047713
10.1539,40.9589,train,0.017710401998825273,80.15660238299716,0.5133886804566105
42.5748,59.0753,train,0.016295673985589735,60.619443317330536,0.4925793073702926
94.3811,-56.8496,train,0.016675359833187235,68.91661078330041,0.498336893047713
8.2939,38.8609,train,0.017712444547466694,80.16063163139113,0.5134174906896422
9.7282,37.1139,train,0.017947077729748927,80.62348248042768,0.5167044504170109
-0.5947,35.4562,train,0.019142892035429453,84.17834539748075,0.5327895856995275
