Predictor variable,Categorical,Sample average
PC1,false,-2633.8442221609216
PC2,false,1268.3035092368866
PC3,false,23.734949448270804
