Predictor variable,Categorical,Sample average
PC1,false,2806.3140202636323
PC2,false,-159.0215461298751
PC3,false,830.7872798480035
