X,Y,Test or train,Raw prediction,Cumulative prediction,Logistic prediction
21.0529,15.1588,train,0.017150770547730607,81.59160588641433,0.506479131293783
19.9887,13.6431,train,0.01689430844809844,63.67151137574633,0.5027128884814008
33.0864,30.6038,train,0.01801349489704669,87.8825480926584,0.518740233991946
31.8405,45.1568,train,0.01626370319668181,35.687783911688165,0.4932030938393044
