Predictor variable,Categorical,Sample average
PC1,false,-1399.7090602488888
PC2,false,-138.99342622581207
PC3,false,698.192411767689
