Predictor variable,Categorical,Sample average
PC1,false,7990.55121992486
PC2,false,-1871.9499220687248
PC3,false,-323.9626753066132
