Predictor variable,Categorical,Sample average
PC1,false,-2491.3962895606487
PC2,false,703.4163137031438
PC3,false,109.95155257231538
