Predictor variable,Categorical,Sample average
PC1,false,3145.9465163879895
PC2,false,1254.1844847377783
PC3,false,-330.13840119783976
