Predictor variable,Categorical,Sample average
PC1,false,968.3397159118286
PC2,false,1709.5521527825424
PC3,false,625.7246355889628
