Predictor variable,Categorical,Sample average
PC1,false,-3398.2618667891816
PC2,false,75.39498132725186
PC3,false,-108.42011704718318
