Predictor variable,Categorical,Sample average
PC1,false,883.2633572626626
PC2,false,2316.297688836629
PC3,false,-228.11195740259552
