Raw value,Corresponding cumulative value,Corresponding Logistic value,Fractional area,Training omission,Test omission
1.66667E-2,1.666666667,0.017817807,0.033333333,0.333333333,0
9.83333E-1,100,0.516983204,0.016666667,0.333333333,0
1E0,100,0.521178839,0,0.333333333,0
