X,Y,Test or train,Raw prediction,Cumulative prediction,Logistic prediction
-47.525,35.0639,train,0.04171663240731363,65.21039497148229,0.5358218097221925
-149.36,-59.8952,train,0.050796570440947694,69.42945137459893,0.5843027646119132
