X,Y,Test or train,Raw prediction,Cumulative prediction,Logistic prediction
74.925,38.6494,train,0.017471734249656683,37.50237967762456,0.473167104229392
1.33,33.182,train,0.01113840900502752,11.961898735879904,0.36409837450402666
43.041,-13.8629,train,0.015469191080204973,28.177717624356085,0.4429572270516679
107.6313,38.225,train,0.055797534949514546,98.63656464020498,0.741486780615852
111.0466,47.4044,train,0.04816214234311374,97.05020310938478,0.7122945065759356
85.1706,14.1666,train,0.01554387965266577,28.810847282714033,0.4441460277733576
73.422,40.7268,train,0.021545739259077865,64.4366401304391,0.5255175344239056
105.057,39.3726,train,0.05610703470599801,98.70086714065125,0.742545665914782
