Predictor variable,Categorical,Sample average
PC1,false,3142.716037462675
PC2,false,-3353.7173480390693
PC3,false,-259.9944407138986
