X,Y,Test or train,Raw prediction,Cumulative prediction,Logistic prediction
15.5624,35.4876,train,0.027593462150218562,84.70610771582622,0.6024419523690414
8.3977,34.0762,train,0.032148203545493574,88.99460523625308,0.6384003806819342
-32.0802,-45.4725,train,0.012501890128845136,21.78904050520913,0.4070802641406758
10.7859,32.6553,train,0.02487143527634619,73.14379633194847,0.577322476384732
91.6036,28.9099,train,0.015153687240636924,46.07349674261072,0.45420752583452106
10.7666,32.6534,train,0.02487143527634619,73.14379633194847,0.577322476384732
29.5466,40.7095,train,0.028099276366626035,85.0483088481901,0.6067843623554506
-20.1369,14.1948,train,0.013365233980986218,26.261214584975676,0.4232925311027562
102.2298,-58.5503,train,0.016540491699346144,57.48387736915635,0.4759892104246388
