Predictor variable,Categorical,Sample average
PC1,false,-2412.969013269661
PC2,false,953.9152962316888
PC3,false,1298.2859806358879
