X,Y,Test or train,Raw prediction,Cumulative prediction,Logistic prediction
1.3308,35.7007,train,0.03135892275914724,71.13148632009349,0.585699643828089
0.5533,36.0223,train,0.031349751349098225,71.05833624355184,0.5856286632320485
77.9262,56.7389,train,0.01964576568629138,26.84038786416875,0.46968195943689983
