Predictor variable,Categorical,Sample average
PC1,false,5702.616058301523
PC2,false,-5013.095826404991
PC3,false,623.3707323884003
