Predictor variable,Categorical,Sample average
PC1,false,1464.35924383291
PC2,false,384.28111644887593
PC3,false,-476.7619794278001
