X,Y,Test or train,Raw prediction,Cumulative prediction,Logistic prediction
20.2231,38.6193,train,0.016264913579390698,27.773902018494702,0.4921907864115404
9.6879,40.4002,train,0.017195213431690812,71.52412351237668,0.5060950518079227
99.4583,62.3936,train,0.016721098195432226,54.37524983191209,0.49910541239733436
8.7655,39.7378,train,0.01719473746722145,71.520545626873,0.5060881327253194
91.3854,49.5669,train,0.0180198850925441,87.15393851525289,0.5177990343886565
