Predictor variable,Categorical,Sample average
PC1,false,2385.3449046928954
PC2,false,-344.60579833651155
PC3,false,-237.83089062969248
