Predictor variable,Categorical,Sample average
PC1,false,3916.2570860258343
PC2,false,-1987.4422347786274
PC3,false,-609.9173392838012
