X,Y,Test or train,Raw prediction,Cumulative prediction,Logistic prediction
19.1228,40.1953,train,0.031121349098750296,43.13268807540831,0.5000000002418316
7.764,42.0,train,0.03687421496038646,52.718883453197876,0.5423032441446058
