species,X,Y,PC1,PC2,PC3
insect.M.distribution110t1.1_PA1_RUN2,95.5153,46.077,-1873.01714807728,-13866.6966438278,906.16684192204
insect.M.distribution110t1.1_PA1_RUN2,94.3441,39.1797,7486.32111888308,-14192.9094871278,96.3771138975818
insect.M.distribution110t1.1_PA1_RUN2,98.1107,46.2216,-738.387560318606,-13761.5386375202,500.961173912824
