Predictor variable,Categorical,Sample average
PC1,false,-219.0029689663505
PC2,false,877.5694470017007
PC3,false,154.99094598990294
