X,Y,Test or train,Raw prediction,Cumulative prediction,Logistic prediction
32.114,9.2479,train,0.026420520135190854,49.18688110932501,0.5176949850604433
7.9127,30.9913,train,0.02375817586545634,38.02887119051302,0.49114973547307517
32.3254,9.3393,train,0.026420520135190854,49.18688110932501,0.5176949850604433
