Predictor variable,Categorical,Sample average
PC1,false,10754.0841817321
PC2,false,-1176.6339913958466
PC3,false,581.4515694773836
