species,X,Y,PC1,PC2,PC3
insect.M.distribution130t1.1_PA1_RUN1,32.114,9.2479,11032.2134468808,-3048.92375245807,1098.23230085194
insect.M.distribution130t1.1_PA1_RUN1,7.9127,30.9913,10197.8256514347,2567.9455307286,-452.109893271729
insect.M.distribution130t1.1_PA1_RUN1,32.3254,9.3393,11032.2134468808,-3048.92375245807,1098.23230085194
