Predictor variable,Categorical,Sample average
PC1,false,752.6136772412912
PC2,false,651.2977181560054
PC3,false,201.57664795695
