Predictor variable,Categorical,Sample average
PC1,false,1452.878103092773
PC2,false,1911.1647364251203
PC3,false,427.62631147243366
