Predictor variable,Categorical,Sample average
PC1,false,5320.970148825949
PC2,false,-5146.8917085132225
PC3,false,543.2613193972146
