X,Y,Test or train,Raw prediction,Cumulative prediction,Logistic prediction
-0.5956,-59.9183,train,0.1712045166362797,100.0,0.8663563443754315
-3.1882,-58.9868,train,0.09598577458255232,89.54242805383323,0.7842251215417478
72.2225,53.8274,train,0.09433683603874507,89.23906511521655,0.7812784624337312
-18.0572,5.0463,train,0.05301194445420619,73.16864798916545,0.6674729700550213
89.7819,22.4683,train,0.005443580149760364,1.6275900032094612,0.17089428066497045
