Predictor variable,Categorical,Sample average
PC1,false,4093.097298149837
PC2,false,-5702.453894957199
PC3,false,620.5171124863666
