species,X,Y,PC1,PC2,PC3
insect.M.distribution230t1.3_PA1_RUN2,-0.5956,-59.9183,5818.31819314949,-10121.1122473304,998.109955587967
insect.M.distribution230t1.3_PA1_RUN2,-3.1882,-58.9868,5840.44445577573,-7605.82161052644,428.593665166027
insect.M.distribution230t1.3_PA1_RUN2,72.2225,53.8274,-983.258504579833,-9920.00015488375,2952.18405771933
insect.M.distribution230t1.3_PA1_RUN2,-18.0572,5.0463,6626.31471984388,-4758.00763410266,-347.555333486952
insect.M.distribution230t1.3_PA1_RUN2,89.7819,22.4683,3163.66762655992,3892.67217205726,-928.746782554539
