Predictor variable,Categorical,Sample average
PC1,false,620.4312585176083
PC2,false,358.0987557336243
PC3,false,-428.47690215438416
