X,Y,Test or train,Raw prediction,Cumulative prediction,Logistic prediction
-16.8466,26.3714,train,0.01857512855786182,53.35264210357415,0.499204182295231
80.099,49.5909,train,0.0213794372502362,77.64533755791362,0.5343017342634551
119.9502,35.456,train,0.01956237580933224,63.41973194227541,0.5121479425765092
88.8679,53.214,train,0.022115377883986723,79.48244502943112,0.5427122506942493
5.6479,39.2556,train,0.017908252086721848,42.36104872692404,0.49006501579129663
5.4893,38.0506,train,0.017910920680453673,42.48355028273171,0.4901022520515462
5.4932,38.0514,train,0.017910920680453673,42.48355028273171,0.4901022520515462
