Predictor variable,Categorical,Sample average
PC1,false,5707.993564389341
PC2,false,-1525.3204967482884
PC3,false,257.7961358455144
