Predictor variable,Categorical,Sample average
PC1,false,787.4889890666086
PC2,false,-326.92217663580226
PC3,false,-474.6028121355549
