X,Y,Test or train,Raw prediction,Cumulative prediction,Logistic prediction
-16.8466,26.3714,train,0.020086442176074065,56.93158273013986,0.4940782373684896
80.099,49.5909,train,0.024329585024525445,71.8936809315112,0.54189153282758
119.9502,35.456,train,0.021555439765244797,60.33692742837372,0.5117215977062297
88.8679,53.214,train,0.025478180459679235,74.61936341871747,0.553318801086448
5.6479,39.2556,train,0.019109979742891133,43.648622711325025,0.48162764313443884
5.5091,38.0668,train,0.019113861260147674,43.745885120156565,0.4816783482819968
5.4924,38.0538,train,0.019113861260147674,43.745885120156565,0.4816783482819968
5.4893,38.0506,train,0.019113861260147674,43.745885120156565,0.4816783482819968
62.595,55.1597,train,0.030196831465121872,80.84734821492152,0.5948384003233709
