Predictor variable,Categorical,Sample average
PC1,false,2279.343429439321
PC2,false,-5508.96304145596
PC3,false,1176.1136836591647
