X,Y,Test or train,Raw prediction,Cumulative prediction,Logistic prediction
-0.5956,-59.9183,train,0.05303918105027036,89.36883486983905,0.7171276621064541
-3.1882,-58.9868,train,0.037835909872192645,73.82467729816888,0.6439353287838802
72.2225,53.8274,train,0.0516259293034267,88.90986374565315,0.7116171931409874
-34.0196,-45.5096,train,0.01418997834876265,40.37336517784127,0.404141837263382
118.3176,-58.3883,train,0.01290395048056601,31.03503484870291,0.3814875228589127
