species,X,Y,PC1,PC2,PC3
insect.M.distribution230t1.1_PA2_RUN1,-0.5956,-59.9183,5818.31819314949,-10121.1122473304,998.109955587967
insect.M.distribution230t1.1_PA2_RUN1,-3.1882,-58.9868,5840.44445577573,-7605.82161052644,428.593665166027
insect.M.distribution230t1.1_PA2_RUN1,72.2225,53.8274,-983.258504579833,-9920.00015488375,2952.18405771933
insect.M.distribution230t1.1_PA2_RUN1,-34.0196,-45.5096,5794.38380496269,-302.668291293304,-1135.1967817551
insect.M.distribution230t1.1_PA2_RUN1,118.3176,-58.3883,-5073.17080211147,404.787096754096,2636.8775215776
