X,Y,Test or train,Raw prediction,Cumulative prediction,Logistic prediction
-47.525,35.0639,train,0.0736291376143556,76.73025823871258,0.6357247681017927
6.63,34.3489,train,0.06648015569769179,73.27572419306436,0.6117605490402971
