Predictor variable,Categorical,Sample average
PC1,false,5385.654220048979
PC2,false,-853.371705344896
PC3,false,-529.4632306016925
