Predictor variable,Categorical,Sample average
PC1,false,3044.451278384072
PC2,false,-1437.805213741526
PC3,false,-451.2749891066496
