Predictor variable,Categorical,Sample average
PC1,false,663.8787451903505
PC2,false,1818.159556178735
PC3,false,-163.27996271366112
