Raw value,Corresponding cumulative value,Corresponding Logistic value,Fractional area,Training omission,Test omission
2.01672E-1,20.167213465,0.356985973,0.05,0.347826087,0
2.68709E-1,47.038144181,0.425194948,0.033333333,0.347826087,0
5.29619E-1,100,0.593159885,0.016666667,0.347826087,0
1E0,100,0.733536864,0,0.347826087,0
