Predictor variable,Categorical,Sample average
PC1,false,-274.07798271956193
PC2,false,-466.41727507316597
PC3,false,-466.79936807560506
