X,Y,Test or train,Raw prediction,Cumulative prediction,Logistic prediction
119.9502,35.456,train,0.01795192829345748,81.78532068015062,0.5113323782533422
86.7886,54.2751,train,0.018229944331950455,84.86056325402213,0.515171660468951
88.8679,53.214,train,0.018144386454039492,83.85928020712262,0.5139965844921057
5.6479,39.2556,train,0.017618211880801395,74.22828385212313,0.5066428279223802
5.5091,38.0668,train,0.017612933628977093,74.18155922048074,0.5065679321079669
-16.8387,26.3694,train,0.016472468893957457,39.27467792645427,0.48983394562551413
