species,X,Y,PC1,PC2,PC3
insect.M.distribution190t1.3_PA2_RUN1,119.9502,35.456,-222.801896300392,-1850.27716908205,-461.412031820515
insect.M.distribution190t1.3_PA2_RUN1,86.7886,54.2751,-6321.49172219633,690.561883365664,-725.651465221938
insect.M.distribution190t1.3_PA2_RUN1,88.8679,53.214,-6406.69456736829,1139.01541004369,-730.643262531605
insect.M.distribution190t1.3_PA2_RUN1,5.6479,39.2556,4877.29869849822,-3114.5489763858,-267.504866291887
insect.M.distribution190t1.3_PA2_RUN1,5.5091,38.0668,4871.85201046607,-3085.8553968727,-267.831906689095
insect.M.distribution190t1.3_PA2_RUN1,-16.8387,26.3694,1557.36958058335,3422.6005984922,-347.75267589859
