Predictor variable,Categorical,Sample average
PC1,false,15.133816624317465
PC2,false,625.4504694528129
PC3,false,168.79332258661788
