species,X,Y,PC1,PC2,PC3
insect.M.distribution100t3.3_PA2_RUN2,73.5722,59.7387,-17234.803983665,1170.85408779692,1882.08364814858
insect.M.distribution100t3.3_PA2_RUN2,1.5784,34.3551,3146.07230525582,4100.40718728182,-105.814654719255
insect.M.distribution100t3.3_PA2_RUN2,97.9985,49.3755,-1878.07694074317,-14590.1262995925,45.1598134186962
insect.M.distribution100t3.3_PA2_RUN2,1.5775,34.355,3146.07230525582,4100.40718728182,-105.814654719255
insect.M.distribution100t3.3_PA2_RUN2,-37.731,32.9155,6261.14363127758,3631.4945125989,-401.013484730474
insect.M.distribution100t3.3_PA2_RUN2,13.7631,39.1461,3519.45709373335,1864.70942352091,-27.2327545727121
insect.M.distribution100t3.3_PA2_RUN2,1.2426,34.3996,3146.07230525582,4100.40718728182,-105.814654719255
insect.M.distribution100t3.3_PA2_RUN2,1.5784,34.3551,3146.07230525582,4100.40718728182,-105.814654719255
