Predictor variable,Categorical,Sample average
PC1,false,2984.607317288871
PC2,false,-2436.76245046263
PC3,false,-338.8592365970989
