Predictor variable,Categorical,Sample average
PC1,false,4246.074665812008
PC2,false,-2345.201451458231
PC3,false,-761.8379862810388
