Predictor variable,Categorical,Sample average
PC1,false,779.9135613239018
PC2,false,-1727.916533074215
PC3,false,-431.8480168332755
