X,Y,Test or train,Raw prediction,Cumulative prediction,Logistic prediction
119.9502,35.456,train,0.019618984721783483,68.33557941970408,0.5326447560195956
88.8679,53.214,train,0.015332970533874677,29.464718027299273,0.4711004420371793
5.6479,39.2556,train,0.021499185483623597,82.98331913423335,0.555342911721672
5.5091,38.0668,train,0.02144067779130903,82.52392409662937,0.5546698819697651
