species,X,Y,PC1,PC2,PC3
insect.M.distribution190t1.1_PA2_RUN2,119.9502,35.456,-222.801896300392,-1850.27716908205,-461.412031820515
insect.M.distribution190t1.1_PA2_RUN2,119.9502,35.456,-222.801896300392,-1850.27716908205,-461.412031820515
insect.M.distribution190t1.1_PA2_RUN2,88.8679,53.214,-6406.69456736829,1139.01541004369,-730.643262531605
insect.M.distribution190t1.1_PA2_RUN2,5.6479,39.2556,4877.29869849822,-3114.5489763858,-267.504866291887
insect.M.distribution190t1.1_PA2_RUN2,5.5091,38.0668,4871.85201046607,-3085.8553968727,-267.831906689095
insect.M.distribution190t1.1_PA2_RUN2,5.6479,39.2556,4877.29869849822,-3114.5489763858,-267.504866291887
