X,Y,Test or train,Raw prediction,Cumulative prediction,Logistic prediction
119.9502,35.456,train,0.018691805972524237,70.68250209599262,0.5175757694720869
86.7886,54.2751,train,0.01856127439440143,70.1844804074613,0.5158257618561399
5.6479,39.2556,train,0.018534738474847337,70.0832369866383,0.5154684466956128
5.5091,38.0668,train,0.018523102774331394,70.03884289200349,0.515311601658027
-16.8387,26.3694,train,0.01603045645710374,35.47737345588145,0.4791963304956439
5.4893,38.0506,train,0.018523102774331394,70.03884289200349,0.515311601658027
5.4932,38.0514,train,0.018523102774331394,70.03884289200349,0.515311601658027
