Predictor variable,Categorical,Sample average
PC1,false,2072.275813140437
PC2,false,-1444.1756934611553
PC3,false,-372.25953704288787
