Predictor variable,Categorical,Sample average
PC1,false,313.908620283977
PC2,false,-170.31339917169376
PC3,false,-417.4589360789291
