Predictor variable,Categorical,Sample average
PC1,false,4954.605200743096
PC2,false,-4138.45101781355
PC3,false,632.0693460364377
