Predictor variable,Categorical,Sample average
PC1,false,3387.814932374428
PC2,false,218.4496658680317
PC3,false,-303.1666651526654
