Predictor variable,Categorical,Sample average
PC1,false,6053.646488152602
PC2,false,-3858.9791027378233
PC3,false,598.063814098567
