Predictor variable,Categorical,Sample average
PC1,false,8983.752955345824
PC2,false,4648.263275156735
PC3,false,11.739098106835948
