Predictor variable,Categorical,Sample average
PC1,false,464.40482583650794
PC2,false,975.6998531789798
PC3,false,696.0311224510853
