Predictor variable,Categorical,Sample average
PC1,false,3024.683306398881
PC2,false,-2924.8235393759965
PC3,false,621.0258011564339
