Predictor variable,Categorical,Sample average
PC1,false,1555.669322431274
PC2,false,2320.866779292098
PC3,false,263.8318992886037
