Predictor variable,Categorical,Sample average
PC1,false,2218.359888275115
PC2,false,-1395.365701382092
PC3,false,196.86962018038716
