X,Y,Test or train,Raw prediction,Cumulative prediction,Logistic prediction
22.6086,33.5613,train,0.021542628292250676,95.77102491888151,0.5588366674072339
73.4066,39.989,train,0.014856260947520189,26.01849795652661,0.46625880146756565
18.8008,40.9082,train,0.01814889884878722,56.36927640422858,0.5162488446745958
0.3109,34.0248,train,0.02091872731169766,84.52036093485872,0.5515791570369741
