species,X,Y,PC1,PC2,PC3
insect.M.distribution150t1.2_PA2_RUN1,22.6086,33.5613,2624.09103122528,-3402.56254077573,503.283303674893
insect.M.distribution150t1.2_PA2_RUN1,73.4066,39.989,3405.00736976838,1902.41779043415,11.4358951845657
insect.M.distribution150t1.2_PA2_RUN1,18.8008,40.9082,5040.86394044974,-851.384128424218,-841.49206899651
insect.M.distribution150t1.2_PA2_RUN1,0.3109,34.0248,-2196.52278834294,-3229.93392676257,1114.2513508586
