Predictor variable,Categorical,Sample average
PC1,false,2533.9978660329193
PC2,false,2172.461767984545
PC3,false,40.124413939821395
