Predictor variable,Categorical,Sample average
PC1,false,4137.770617712824
PC2,false,-7044.714767008184
PC3,false,696.0223815520029
