Predictor variable,Categorical,Sample average
PC1,false,2878.608646382343
PC2,false,-1301.5073533242821
PC3,false,-333.1853219669328
