Predictor variable,Categorical,Sample average
PC1,false,1647.8170609350602
PC2,false,655.5778227915785
PC3,false,-454.1943745234985
