Predictor variable,Categorical,Sample average
PC1,false,11279.087655254129
PC2,false,-606.6208576202645
PC3,false,180.45096801776924
