Predictor variable,Categorical,Sample average
PC1,false,727.1979070250509
PC2,false,1538.9076900722594
PC3,false,-179.4719301980165
