Predictor variable,Categorical,Sample average
PC1,false,4533.210949340272
PC2,false,-1048.519388501563
PC3,false,512.6744621076806
