X,Y,Test or train,Raw prediction,Cumulative prediction,Logistic prediction
-0.5947,35.4562,train,0.019640933360597107,92.74223935975,0.5391906382852165
109.4701,32.2945,train,0.016068764204992883,29.5980626025009,0.4890882884263493
94.4103,-56.7947,train,0.016502574763887456,36.15173892620036,0.49574644301576537
10.1539,40.9589,train,0.019054381516217554,91.96815475711934,0.5316491345085059
94.353,-56.7876,train,0.016560909720446403,39.357414638095655,0.49662855830444513
