X,Y,Test or train,Raw prediction,Cumulative prediction,Logistic prediction
102.1091,51.5068,train,0.07052599016792054,47.46385700341158,0.5000000000012771
94.4457,45.9801,train,0.25228131955830624,74.23665904265968,0.7815229456004199
