X,Y,Test or train,Raw prediction,Cumulative prediction,Logistic prediction
-3.1882,-58.9868,train,0.092690669541723,88.78194688543994,0.7759433730532055
72.2225,53.8274,train,0.13765987009948794,100.0,0.8372215754700968
64.1849,55.1534,train,0.07709359370572684,77.61265213562012,0.7422953593550478
-18.0572,5.0463,train,0.04823788809117011,71.12851512100998,0.6431489051791048
89.7819,22.4683,train,0.005837430235637943,2.815487622136403,0.17905010175169073
