Predictor variable,Categorical,Sample average
PC1,false,2823.8525840405555
PC2,false,-5161.140842891675
PC3,false,852.8600900499374
