Predictor variable,Categorical,Sample average
PC1,false,2060.709855468672
PC2,false,1548.4227201781991
PC3,false,-217.47420220337563
