X,Y,Test or train,Raw prediction,Cumulative prediction,Logistic prediction
-47.525,35.0639,train,0.06429895490733278,67.44625143652648,0.587814749691703
6.63,34.3489,train,0.06356455425330886,66.92677027833325,0.585028707599305
