Predictor variable,Categorical,Sample average
PC1,false,-4203.484456308278
PC2,false,418.70099986914363
PC3,false,135.50033272192437
