Predictor variable,Categorical,Sample average
PC1,false,776.523110835907
PC2,false,-297.4457620244367
PC3,false,-426.0653593680818
