Predictor variable,Categorical,Sample average
PC1,false,2938.1204260303525
PC2,false,1530.390237003751
PC3,false,-323.0550373679765
