Predictor variable,Categorical,Sample average
PC1,false,8474.338025441379
PC2,false,-1440.9690550574774
PC3,false,-399.30773739187356
