Predictor variable,Categorical,Sample average
PC1,false,2305.27133390289
PC2,false,-1743.0624659578748
PC3,false,491.26342408873376
