Predictor variable,Categorical,Sample average
PC1,false,2299.5964677633633
PC2,false,206.15575690405558
PC3,false,-407.6657987084913
