X,Y,Test or train,Raw prediction,Cumulative prediction,Logistic prediction
73.899,42.4236,train,0.01715406687034165,36.53049665347188,0.4754937132266107
75.5176,40.162,train,0.01655801311584313,32.95333000500764,0.46668222702728124
10.7649,37.8912,train,0.024141413393091695,69.99640857687437,0.5605980911404768
9.177,40.6294,train,0.024616103337188538,72.32196412623757,0.5653888009668141
74.5215,42.7568,train,0.017820084425314898,38.54180463815008,0.48500128263205416
17.5927,37.0722,train,0.023803916806724345,67.805920422807,0.5571272296320884
9.6866,41.3584,train,0.02091110965285209,46.06756702168617,0.5249646103804175
