Predictor variable,Categorical,Sample average
PC1,false,9242.770751249363
PC2,false,-549.7037467158439
PC3,false,-580.531391574083
