X,Y,Test or train,Raw prediction,Cumulative prediction,Logistic prediction
19.1228,40.1953,train,0.03509615224376778,55.92871232006859,0.5710708391073038
7.9496,42.4842,train,0.03816289346521918,69.97635920511034,0.591457444232539
7.764,42.0,train,0.03817506408250812,69.99111324166775,0.5915344902517362
15.8295,43.1459,train,0.0319404944588956,49.119937374334086,0.5478542265219377
7.7644,42.0013,train,0.03817506408250812,69.99111324166775,0.5915344902517362
26.5077,43.1324,train,0.022369185219803,28.23677808860516,0.45904554284797944
-34.7738,-26.4047,train,0.0246088770544362,33.27846686481658,0.4828160744456826
18.9409,40.1739,train,0.03509615224376778,55.92871232006859,0.5710708391073038
97.3914,45.5063,train,0.014613816238778476,14.51920569159466,0.35665719844643967
