Predictor variable,Categorical,Sample average
PC1,false,3790.4584405366745
PC2,false,-765.4042528927615
PC3,false,663.5741219147379
