X,Y,Test or train,Raw prediction,Cumulative prediction,Logistic prediction
19.9887,13.6431,train,0.019420471777541276,84.20636245759329,0.5350750186640602
19.8917,13.6869,train,0.019420471777541276,84.20636245759329,0.5350750186640602
33.0864,30.6038,train,0.017217373159497267,58.63480441453737,0.5050303508344398
31.8405,45.1568,train,0.015052126797167402,18.506644892627246,0.4714616603095872
19.8725,13.7334,train,0.019420471777541276,84.20636245759329,0.5350750186640602
46.9672,40.9197,train,0.017870574981473045,67.63393462735662,0.5143357311320024
53.1845,-52.0881,train,0.016634861732727508,54.08094089791411,0.49642599547439686
21.1241,15.519,train,0.018879856577812663,80.5964246073337,0.5280452092613344
58.0375,49.8423,train,0.01709966482514022,58.11522459377567,0.5033154522190035
