X,Y,Test or train,Raw prediction,Cumulative prediction,Logistic prediction
22.6086,33.5613,train,0.057058387035729394,98.38675476232227,0.6913487241630136
85.0809,16.9308,train,0.04682222549465442,79.58382901587714,0.6476476653257852
18.7074,40.8828,train,0.012525184546919688,15.014958159497814,0.32962062392745056
0.3109,34.0248,train,0.053551395446169714,83.42683361282644,0.6776513191708685
