Predictor variable,Categorical,Sample average
PC1,false,1731.4221004251776
PC2,false,-2619.612978566345
PC3,false,477.69595290094026
