Predictor variable,Categorical,Sample average
PC1,false,-2983.905876360259
PC2,false,600.8408001031006
PC3,false,312.63235303848035
