Predictor variable,Categorical,Sample average
PC1,false,1785.8758202206302
PC2,false,-2142.3245875116118
PC3,false,830.6475755728229
