Predictor variable,Categorical,Sample average
PC1,false,2776.1377461694983
PC2,false,94.29266378889012
PC3,false,-176.96139848428666
