Predictor variable,Categorical,Sample average
PC1,false,11317.05057291556
PC2,false,-1019.8646414468601
PC3,false,269.89978444508415
