X,Y,Test or train,Raw prediction,Cumulative prediction,Logistic prediction
21.0529,15.1588,train,0.017381615904949736,79.22108132521966,0.5093141792009505
19.8917,13.6869,train,0.01700917617460241,63.42831283614457,0.5039001484410875
33.0864,30.6038,train,0.018652315634973344,87.420253885411,0.5269284780724994
31.8405,45.1568,train,0.016103929575237673,31.64254990353469,0.49022905707295766
