Predictor variable,Categorical,Sample average
PC1,false,-934.4049106921375
PC2,false,357.12497404462704
PC3,false,-576.0857242194866
