Predictor variable,Categorical,Sample average
PC1,false,1737.3359151474042
PC2,false,2460.2806911174102
PC3,false,83.81487432894563
