X,Y,Test or train,Raw prediction,Cumulative prediction,Logistic prediction
-41.8379,-40.0989,train,0.009804215972948511,6.604307087073408,0.35370532931399684
73.5722,59.7387,train,0.017140226614916015,34.12562807769321,0.48895785993506297
1.5784,34.3551,train,0.02454529462654469,86.64567029330459,0.5780848167835145
-37.731,32.9155,train,0.02317427597411442,70.72297461013645,0.5640066353940166
2.0269,34.1346,train,0.024545342535238244,86.64602858418344,0.5780852928441871
13.7631,39.1461,train,0.01866178670603181,44.116109817520964,0.5102170935772457
1.2426,34.3996,train,0.02454529462654469,86.64567029330459,0.5780848167835145
1.3749,34.1702,train,0.02454529462654469,86.64567029330459,0.5780848167835145
