Predictor variable,Categorical,Sample average
PC1,false,2846.5231878944887
PC2,false,-157.12020870509892
PC3,false,-224.98653393583083
