Predictor variable,Categorical,Sample average
PC1,false,2961.3465235754857
PC2,false,-4329.254510475092
PC3,false,-754.6697272175602
