X,Y,Test or train,Raw prediction,Cumulative prediction,Logistic prediction
-8.8925,-67.8316,train,0.03595650922530184,54.67202287140635,0.5111265982133213
60.181,36.5001,train,0.06397891720365045,62.18427505789406,0.6503907470631526
-7.7689,-68.1295,train,0.061238943709523486,61.32934679427318,0.6403738053306605
-18.7637,-51.8269,train,0.04119971582763786,55.77144404281228,0.545036351356068
84.5325,38.9042,train,0.06831017543471708,63.53571703312465,0.6651349522187399
