species,X,Y,PC1,PC2,PC3
insect.M.distribution240t1.3_PA1_RUN1,-8.8925,-67.8316,1525.00085457022,-2581.31157556775,-1660.46251966807
insect.M.distribution240t1.3_PA1_RUN1,60.181,36.5001,2543.1290027618,-5929.61782932607,357.57129075465
insect.M.distribution240t1.3_PA1_RUN1,-7.7689,-68.1295,1401.60390593926,-4205.85507894302,-1633.85852117118
insect.M.distribution240t1.3_PA1_RUN1,-18.7637,-51.8269,6911.63790224668,-2801.78825276737,-1182.19620820936
insect.M.distribution240t1.3_PA1_RUN1,84.5325,38.9042,2425.36095235947,-6127.69981577125,345.597322206159
