Predictor variable,Categorical,Sample average
PC1,false,6.414299717456652
PC2,false,614.065593665053
PC3,false,-545.5976655220844
