Predictor variable,Categorical,Sample average
PC1,false,8464.035168386763
PC2,false,4784.519350631303
PC3,false,34.94598043591492
