Predictor variable,Categorical,Sample average
PC1,false,-3338.545696797418
PC2,false,2461.467416926522
PC3,false,1360.5532756480143
