X,Y,Test or train,Raw prediction,Cumulative prediction,Logistic prediction
15.5624,35.4876,train,0.03371774348528545,89.64470840012623,0.6270696843318067
8.3977,34.0762,train,0.04786139785038895,100.0,0.7047355374361443
10.7859,32.6553,train,0.018247652735919728,37.71767595073435,0.4764370504539983
91.6036,28.9099,train,0.023728949726566837,54.609869399173334,0.5419853227454063
29.5466,40.7095,train,0.035343545684761786,90.73410747443474,0.6380146891529627
11.9309,35.4279,train,0.04820907527965948,100.0,0.7062394092654865
102.3723,-58.511,train,0.013453876410259167,17.79713988333853,0.4015307936267646
102.3523,-58.5012,train,0.013453876410259167,17.79713988333853,0.4015307936267646
102.2298,-58.5503,train,0.013453876410259167,17.79713988333853,0.4015307936267646
