Predictor variable,Categorical,Sample average
PC1,false,-981.749644378344
PC2,false,-954.2844064520355
PC3,false,411.4463733015005
