X,Y,Test or train,Raw prediction,Cumulative prediction,Logistic prediction
-54.1515,36.6608,train,0.03199150345993814,75.81266851528586,0.6059435475204064
-168.9006,-56.5336,train,0.029918036458632294,66.58387246237845,0.5898351212751027
1.2062,33.6762,train,0.01708495288128899,32.43949212262754,0.45091371950861564
