Predictor variable,Categorical,Sample average
PC1,false,2685.408476360128
PC2,false,-51.10122877957377
PC3,false,-199.76017150550604
