Predictor variable,Categorical,Sample average
PC1,false,1088.5345745769841
PC2,false,859.3587380675823
PC3,false,-385.36483966502504
