Predictor variable,Categorical,Sample average
PC1,false,-3445.4074077297264
PC2,false,2493.731591085002
PC3,false,1492.4763017780342
