X,Y,Test or train,Raw prediction,Cumulative prediction,Logistic prediction
15.5624,35.4876,train,0.05796194598233061,92.50989014778574,0.715657136265352
8.3977,34.0762,train,0.10520221173907185,100.0,0.8204085720188029
102.3723,-58.511,train,0.011202694145844289,12.182009703820995,0.32725823550397337
91.6036,28.9099,train,0.02922654201509925,69.02839307116736,0.559297378330534
10.7666,32.6534,train,0.02494019612481491,58.244737277735325,0.5199180858808468
