species,X,Y,PC1,PC2,PC3
insect.M.distribution220t1.3_PA1_RUN2,15.5624,35.4876,-6068.36012826839,3101.5716999759,2607.28562077973
insect.M.distribution220t1.3_PA1_RUN2,8.3977,34.0762,-7954.70393085724,3885.23329159002,3903.03476364424
insect.M.distribution220t1.3_PA1_RUN2,102.3723,-58.511,250.424086740167,1339.24112898762,-1186.62840617151
insect.M.distribution220t1.3_PA1_RUN2,91.6036,28.9099,1331.61895969174,3016.23332507217,826.945002961671
insect.M.distribution220t1.3_PA1_RUN2,10.7666,32.6534,-4786.01602595491,1126.3785097993,1311.74452767604
