Predictor variable,Categorical,Sample average
PC1,false,387.31241209686874
PC2,false,1828.1601074275477
PC3,false,-32.24758210064062
