Predictor variable,Categorical,Sample average
PC1,false,3508.900263335209
PC2,false,-3081.209112063094
PC3,false,522.0389172135697
