Predictor variable,Categorical,Sample average
PC1,false,1814.69342092547
PC2,false,1617.5943476199895
PC3,false,-116.43274877469932
