Predictor variable,Categorical,Sample average
PC1,false,6670.610634228563
PC2,false,-4113.694148395575
PC3,false,318.54314998835684
