X,Y,Test or train,Raw prediction,Cumulative prediction,Logistic prediction
94.3441,39.1797,train,0.019953172847277593,29.71223573142191,0.49643559523155295
11.3475,16.3257,train,0.020853824038621266,35.1738106550393,0.5074722704657711
4.6553,32.7977,train,0.020799047744053226,35.01604840056158,0.5068148711697866
