Predictor variable,Categorical,Sample average
PC1,false,7871.109780119016
PC2,false,-2369.91113523805
PC3,false,-4.840495213492052
