species,X,Y,PC1,PC2,PC3
insect.M.distribution110t1.2_PA1_RUN2,94.3441,39.1797,7486.32111888308,-14192.9094871278,96.3771138975818
insect.M.distribution110t1.2_PA1_RUN2,11.3475,16.3257,8081.2244414601,3690.26025897477,517.707581365235
insect.M.distribution110t1.2_PA1_RUN2,4.6553,32.7977,8045.78378001387,3392.91582243888,-628.606180903293
