Predictor variable,Categorical,Sample average
PC1,false,2908.2679584706443
PC2,false,-1405.4891400635038
PC3,false,-314.2044906288009
