Raw value,Corresponding cumulative value,Corresponding Logistic value,Fractional area,Training omission,Test omission
1.3082E-1,13.082022086,0.222418265,0.05,0.523809524,0
1.46574E-1,27.739381868,0.24270146,0.033333333,0.523809524,0
7.22606E-1,100,0.612399879,0.016666667,0.523809524,0
1E0,100,0.686176075,0,0.523809524,0
