X,Y,Test or train,Raw prediction,Cumulative prediction,Logistic prediction
85.0809,16.9308,train,0.01859477347636223,83.76499951311966,0.526045212420673
73.4066,39.989,train,0.015662009603752237,23.4918043327934,0.48316454064987874
18.7074,40.8828,train,0.01731961472143178,55.13255219123533,0.5083078215213791
0.3109,34.0248,train,0.01867012215509411,84.37265665185147,0.5270533503967885
