Predictor variable,Categorical,Sample average
PC1,false,1926.6511850609527
PC2,false,-1293.367895763875
PC3,false,354.7341007783584
