Predictor variable,Categorical,Sample average
PC1,false,2856.3952961511613
PC2,false,-2557.4708602369888
PC3,false,538.6003386966145
