Raw value,Corresponding cumulative value,Corresponding Logistic value,Fractional area,Training omission,Test omission
6.97587E-7,0.000069759,0.000000698,0.05,0.294117647,0
5.28125E-5,0.005351009,0.000052841,0.033333333,0.294117647,0
9.99946E-1,100,0.500132506,0.016666667,0.294117647,0
1E0,100,0.500145884,0,0.294117647,0
