X,Y,Test or train,Raw prediction,Cumulative prediction,Logistic prediction
-47.525,35.0639,train,0.1301829213968343,79.07169248860511,0.6611161510208637
-149.36,-59.8952,train,0.1387532565529953,80.52356148382387,0.6752503203910288
