X,Y,Test or train,Raw prediction,Cumulative prediction,Logistic prediction
-47.525,35.0639,train,0.07649152198705868,78.46934277076008,0.6145521531981138
6.63,34.3489,train,0.07284236637893204,77.19190606192508,0.6029101804528236
