Predictor variable,Categorical,Sample average
PC1,false,-1695.8435994680729
PC2,false,213.17519728690274
PC3,false,95.30432580884604
