Predictor variable,Categorical,Sample average
PC1,false,2838.4561978286256
PC2,false,1138.7575070800922
PC3,false,-364.91365413085197
