Predictor variable,Categorical,Sample average
PC1,false,2784.3990718708947
PC2,false,889.9135956237304
PC3,false,-324.6457848863216
