Predictor variable,Categorical,Sample average
PC1,false,3301.656566578655
PC2,false,-2608.084649233895
PC3,false,395.5777013498708
