X,Y,Test or train,Raw prediction,Cumulative prediction,Logistic prediction
-54.1515,36.6608,train,0.0987536661153325,50.78674278580218,0.5543959071458003
-49.2426,40.4999,train,0.08829735443022114,45.55288864532422,0.5266072941562483
