Predictor variable,Categorical,Sample average
PC1,false,-1447.3609382104141
PC2,false,1519.9226951228752
PC3,false,901.2833343432292
