species,X,Y,PC1,PC2,PC3
insect.M.distribution90t3.3_PA1_RUN2,1.3308,35.7007,2061.96034648044,3152.93257998242,-378.89499606391
insect.M.distribution90t3.3_PA1_RUN2,77.9262,56.7389,-11803.9943480123,1495.40119844458,-1990.16467125326
insect.M.distribution90t3.3_PA1_RUN2,0.71,35.9525,2061.95617398872,3152.11052356703,-378.890723960206
insect.M.distribution90t3.3_PA1_RUN2,-40.7807,36.1015,-9014.99921776721,-538.857682459256,5314.98819886046
insect.M.distribution90t3.3_PA1_RUN2,-40.8758,36.1436,-9014.99921776721,-538.857682459256,5314.98819886046
insect.M.distribution90t3.3_PA1_RUN2,0.6689,35.7614,2061.96034648044,3152.93257998242,-378.89499606391
insect.M.distribution90t3.3_PA1_RUN2,1.2819,37.671,1669.47077806791,2855.46666209071,-66.9094249549257
insect.M.distribution90t3.3_PA1_RUN2,-51.6012,-1.9385,10399.7576328459,-571.746618165646,-225.954910678875
