Predictor variable,Categorical,Sample average
PC1,false,1800.9180538671462
PC2,false,1802.3372522721074
PC3,false,-156.25952204408892
