Predictor variable,Categorical,Sample average
PC1,false,-920.492322960556
PC2,false,-218.84423237331515
PC3,false,273.94724416890034
