Predictor variable,Categorical,Sample average
PC1,false,-1228.9448615946455
PC2,false,232.69154890346
PC3,false,40.49691858641771
