Predictor variable,Categorical,Sample average
PC1,false,495.7226808454969
PC2,false,1990.5234470905307
PC3,false,-60.00701860001514
