Predictor variable,Categorical,Sample average
PC1,false,2474.016865392245
PC2,false,919.8846565552899
PC3,false,-140.78478310678005
