X,Y,Test or train,Raw prediction,Cumulative prediction,Logistic prediction
15.5624,35.4876,train,0.030169911847045292,86.77546883240788,0.6280862302291293
8.3977,34.0762,train,0.041293524890380476,96.9401912569226,0.6980176916652081
-32.0802,-45.4725,train,0.011054640978595725,5.853695388496326,0.3822570007717206
10.7859,32.6553,train,0.021493928764410194,81.39413063914357,0.5461038722550157
29.5466,40.7095,train,0.03745095063519611,95.52636383643633,0.6770401146333586
11.9309,35.4279,train,0.03859077727306014,95.94575057087121,0.6835606144955425
102.3723,-58.511,train,0.012172195495275782,12.453487855602072,0.405240742568586
-20.1369,14.1948,train,0.01587090708620586,44.410838596134354,0.4704489799138081
102.2298,-58.5503,train,0.012172195495275782,12.453487855602072,0.405240742568586
