Predictor variable,Categorical,Sample average
PC1,false,-2782.2199788997077
PC2,false,1102.0490749608412
PC3,false,1327.1087276005644
