Raw value,Corresponding cumulative value,Corresponding Logistic value,Fractional area,Training omission,Test omission
2.94118E-2,2.941176471,0.053996847,0.05,0.117647059,0
2.29055E-1,25.84663336,0.307729689,0.033333333,0.117647059,0
7.41534E-1,100,0.59000972,0.016666667,0.117647059,0
1E0,100,0.659943013,0,0.117647059,0
