Predictor variable,Categorical,Sample average
PC1,false,11177.419219310777
PC2,false,-99.3214325752213
PC3,false,0.6022317875449116
