Predictor variable,Categorical,Sample average
PC1,false,5953.397092775838
PC2,false,-4341.711571086241
PC3,false,490.24714015653745
