Predictor variable,Categorical,Sample average
PC1,false,-847.0706189708395
PC2,false,2785.622145870305
PC3,false,317.9457388363751
