Predictor variable,Categorical,Sample average
PC1,false,3834.842913577894
PC2,false,-3196.101833107609
PC3,false,-851.0137312288502
