Predictor variable,Categorical,Sample average
PC1,false,8489.972210722251
PC2,false,-1665.3080985181623
PC3,false,-448.3392894160256
