Predictor variable,Categorical,Sample average
PC1,false,8840.95479778079
PC2,false,-689.5084805077366
PC3,false,-540.1206292760334
