Predictor variable,Categorical,Sample average
PC1,false,-3171.4519121041885
PC2,false,477.3948958537616
PC3,false,324.4296426116876
