Raw value,Corresponding cumulative value,Corresponding Logistic value,Fractional area,Training omission,Test omission
2.84846E-2,2.848464673,0.095004549,0.083333333,0.458333333,0
8.59461E-2,11.443075787,0.240553038,0.066666667,0.458333333,0
1.31771E-1,24.620136935,0.326885001,0.05,0.458333333,0
3.14175E-1,56.037653609,0.536579606,0.033333333,0.458333333,0
4.39623E-1,100,0.618349419,0.016666667,0.458333333,0
1E0,100,0.78657203,0,0.458333333,0
