Predictor variable,Categorical,Sample average
PC1,false,3596.5713662308776
PC2,false,-2704.976724375473
PC3,false,-582.8967156158562
