Predictor variable,Categorical,Sample average
PC1,false,2731.5129165441804
PC2,false,1327.1204628448593
PC3,false,6.910425805212697
