X,Y,Test or train,Raw prediction,Cumulative prediction,Logistic prediction
-0.5956,-59.9183,train,0.04204014547267405,95.35375677618555,0.6980832046416073
72.2225,53.8274,train,0.041144375711613536,94.91908945811556,0.6935245672994043
118.3176,-58.3883,train,0.014647212452789184,35.99187810130728,0.4461624887320062
89.7819,22.4683,train,0.0103539876389343,5.249530617868767,0.36283823988898467
-19.7049,4.0879,train,0.031639305336320624,84.08993468205917,0.6350543190237661
