Predictor variable,Categorical,Sample average
PC1,false,1906.3042677451435
PC2,false,-4603.89227972082
PC3,false,1176.7795244087804
