species,X,Y,PC1,PC2,PC3
insect.M.distribution230t1.1_PA2_RUN2,-0.5956,-59.9183,5818.31819314949,-10121.1122473304,998.109955587967
insect.M.distribution230t1.1_PA2_RUN2,72.2225,53.8274,-983.258504579833,-9920.00015488375,2952.18405771933
insect.M.distribution230t1.1_PA2_RUN2,118.3176,-58.3883,-5073.17080211147,404.787096754096,2636.8775215776
insect.M.distribution230t1.1_PA2_RUN2,89.7819,22.4683,3163.66762655992,3892.67217205726,-928.746782554539
insect.M.distribution230t1.1_PA2_RUN2,-19.7049,4.0879,6605.96482570761,-7275.8082652013,225.472869713543
