Predictor variable,Categorical,Sample average
PC1,false,2366.6028634691224
PC2,false,1271.0058491797279
PC3,false,579.2142868972973
