Predictor variable,Categorical,Sample average
PC1,false,3023.2947503591167
PC2,false,-1916.2035805571961
PC3,false,-375.06456626952496
