Predictor variable,Categorical,Sample average
PC1,false,1463.1312680905764
PC2,false,1477.0431114028527
PC3,false,119.36862899169269
