Predictor variable,Categorical,Sample average
PC1,false,-5091.438016290788
PC2,false,1332.170688089326
PC3,false,132.8303014366874
