Predictor variable,Categorical,Sample average
PC1,false,137.48927445735592
PC2,false,-1030.9368162870733
PC3,false,-509.1104003241169
