X,Y,Test or train,Raw prediction,Cumulative prediction,Logistic prediction
-16.8466,26.3714,train,0.014230493963431875,24.31085174356995,0.4403078574378457
119.9502,35.456,train,0.02039447980080653,72.25104368498128,0.529955186962178
86.7886,54.2751,train,0.01891208816254866,62.1798710849739,0.5111235267592842
88.8679,53.214,train,0.018424750797531125,61.17678465679504,0.5045986352120377
5.6479,39.2556,train,0.020772814682151638,78.73728242817944,0.5345312649150047
5.4924,38.0538,train,0.020738193946151656,78.37695945856872,0.5341162232952252
5.4893,38.0506,train,0.020738193946151656,78.37695945856872,0.5341162232952252
62.595,55.1597,train,0.02486724790543006,90.50256691988189,0.5788981286261176
