Predictor variable,Categorical,Sample average
PC1,false,2527.5881076895353
PC2,false,-4438.309612595012
PC3,false,862.412041065867
