X,Y,Test or train,Raw prediction,Cumulative prediction,Logistic prediction
-0.5956,-59.9183,train,0.03080101489590033,94.10646357407506,0.6362124708002282
-34.0196,-45.5096,train,0.015386084086129048,40.550270546542,0.466270908863649
64.1849,55.1534,train,0.025027654637180697,79.02352721548988,0.5869561499490363
-18.0572,5.0463,train,0.021126375490645888,72.19907929609562,0.5453592579955058
118.3176,-58.3883,train,0.014233917184318549,31.47838659512503,0.4469609470958363
