species,X,Y,PC1,PC2,PC3
insect.M.distribution230t1.3_PA2_RUN2,-0.5956,-59.9183,5818.31819314949,-10121.1122473304,998.109955587967
insect.M.distribution230t1.3_PA2_RUN2,-34.0196,-45.5096,5794.38380496269,-302.668291293304,-1135.1967817551
insect.M.distribution230t1.3_PA2_RUN2,64.1849,55.1534,-527.905377396918,-7414.54698700279,2159.82484340582
insect.M.distribution230t1.3_PA2_RUN2,-18.0572,5.0463,6626.31471984388,-4758.00763410266,-347.555333486952
insect.M.distribution230t1.3_PA2_RUN2,118.3176,-58.3883,-5073.17080211147,404.787096754096,2636.8775215776
