Predictor variable,Categorical,Sample average
PC1,false,2617.3197107730625
PC2,false,-441.3672492454738
PC3,false,-230.67151390936505
