X,Y,Test or train,Raw prediction,Cumulative prediction,Logistic prediction
7.9127,30.9913,train,0.021017308600327515,30.737672794861794,0.4872588280951571
32.3254,9.3393,train,0.023533075449715307,53.4019424609864,0.5155162305934096
10.0454,41.646,train,0.029406230747916963,77.42134123533776,0.5707433253419265
