Predictor variable,Categorical,Sample average
PC1,false,2417.3352412099675
PC2,false,-1429.509905012495
PC3,false,1137.9169357940043
