X,Y,Test or train,Raw prediction,Cumulative prediction,Logistic prediction
21.0529,15.1588,train,0.017290646286536274,63.66308532016971,0.5058154974706002
19.9887,13.6431,train,0.016721137594854097,60.312396616460866,0.4974427733058556
19.8917,13.6869,train,0.016721137594854097,60.312396616460866,0.4974427733058556
33.0864,30.6038,train,0.019283793382696757,79.03252758815003,0.5330423684636513
