X,Y,Test or train,Raw prediction,Cumulative prediction,Logistic prediction
9.6879,40.4002,train,0.0200671754053168,65.97576490019253,0.5253360032681506
99.4583,62.3936,train,0.01756185328226124,51.908577666764685,0.49201932597355247
8.7655,39.7378,train,0.020064526231308652,65.96829616413414,0.5253030819044723
32.4277,-30.4923,train,0.016087410249101507,32.23068216226502,0.4701312219106012
91.3854,49.5669,train,0.025091155752053392,81.69391557706592,0.5805084302071465
