Predictor variable,Categorical,Sample average
PC1,false,8778.971546561093
PC2,false,6317.750111435516
PC3,false,87.89730487782901
