Predictor variable,Categorical,Sample average
PC1,false,1524.436747282242
PC2,false,443.9004464224399
PC3,false,-355.2485443914935
