X,Y,Test or train,Raw prediction,Cumulative prediction,Logistic prediction
20.2231,38.6193,train,0.01661867632493099,28.867090206623153,0.4992347700281538
9.6879,40.4002,train,0.01677854517296038,78.92954409637666,0.5016282272923391
99.4583,62.3936,train,0.01669799012377371,58.934867500828716,0.5004250737183704
19.443,43.0475,train,0.016618130927058144,28.84666386677901,0.4992265653203801
91.3854,49.5669,train,0.016914381984037604,88.95362048978917,0.5036439854756001
