X,Y,Test or train,Raw prediction,Cumulative prediction,Logistic prediction
-54.1515,36.6608,train,0.0361859275810941,71.94398022616438,0.6139649888192981
-168.9006,-56.5336,train,0.03286934942611941,62.62968587096307,0.5909466439432677
-49.2426,40.4999,train,0.03693656301305189,73.17060780892726,0.6188197000753985
1.2062,33.6762,train,0.014713955250110213,19.87305231785787,0.3927269150475758
