Predictor variable,Categorical,Sample average
PC1,false,11030.521602057544
PC2,false,-1021.9536486392042
PC3,false,376.19103691369423
