Predictor variable,Categorical,Sample average
PC1,false,1933.619485048509
PC2,false,1795.327275541232
PC3,false,158.31854174984807
