Predictor variable,Categorical,Sample average
PC1,false,1940.8957866693554
PC2,false,1007.3102232148648
PC3,false,666.7482089221328
