Predictor variable,Categorical,Sample average
PC1,false,-2713.1849248563562
PC2,false,-754.983169146652
PC3,false,55.460476364381236
