X,Y,Test or train,Raw prediction,Cumulative prediction,Logistic prediction
-54.1515,36.6608,train,0.055008276274374775,45.62894131709154,0.5646477033275374
-168.9006,-56.5336,train,0.0424122498351742,34.81121926272135,0.5000000005255396
