Predictor variable,Categorical,Sample average
PC1,false,-2604.1740277438867
PC2,false,681.9256365365602
PC3,false,-264.8886361422181
