X,Y,Test or train,Raw prediction,Cumulative prediction,Logistic prediction
109.4701,32.2945,train,0.017799209934748737,76.43436007653398,0.5116906498348369
3.4722,-47.3345,train,0.015223271559307501,35.346895525690584,0.4726379465652988
94.4103,-56.7947,train,0.019732517487888564,83.78498235835026,0.5374012468463859
94.353,-56.7876,train,0.019728935689950437,83.76540175414658,0.5373561169766601
10.1539,40.9589,train,0.016650338154534643,70.91794507416124,0.4950120601699413
-0.5848,35.3176,train,0.01745437170809467,75.77007697652684,0.506801379940535
42.5748,59.0753,train,0.018492983661056867,81.13509152560792,0.5212393240455936
9.7282,37.1139,train,0.019316034085481985,82.44668166113843,0.5320939604630924
64.405,-61.9631,train,0.021491758984180154,88.59635855338756,0.5585517839241663
