X,Y,Test or train,Raw prediction,Cumulative prediction,Logistic prediction
-47.525,35.0639,train,0.04303952238842034,44.57701743312693,0.5051264333667397
6.63,34.3489,train,0.06847973593102523,74.39147469860016,0.6189102854480084
