Predictor variable,Categorical,Sample average
PC1,false,538.8308553293824
PC2,false,1880.9231463176789
PC3,false,-93.51390743296189
