Predictor variable,Categorical,Sample average
PC1,false,418.95727627387606
PC2,false,3010.480722908563
PC3,false,-393.8700569359705
