X,Y,Test or train,Raw prediction,Cumulative prediction,Logistic prediction
54.0519,58.7264,train,0.027010289991310363,52.670376987908625,0.5299982441342507
0.7017,37.6501,train,0.08331665633110082,100.0,0.7767051731311583
10.7628,36.5256,train,0.02979527517447306,57.94225202636872,0.5543516855755866
85.465,58.0811,train,0.01091559459249526,14.694282626420136,0.3130522385248566
0.96,38.4215,train,0.08331665633110082,100.0,0.7767051731311583
