Predictor variable,Categorical,Sample average
PC1,false,413.65720102755984
PC2,false,1176.7224500237287
PC3,false,-18.503733669661052
