Predictor variable,Categorical,Sample average
PC1,false,-1133.4196250707425
PC2,false,-221.10609737532513
PC3,false,634.1164909391787
