Predictor variable,Categorical,Sample average
PC1,false,-4746.194788501732
PC2,false,-11.262626178885785
PC3,false,72.57645904963947
