X,Y,Test or train,Raw prediction,Cumulative prediction,Logistic prediction
9.6879,40.4002,train,0.016666666666666666,1.6666633336733327,0.5000000000000003
99.4583,62.3936,train,0.016666666666666666,1.6666633336733327,0.5000000000000003
8.7655,39.7378,train,0.016666666666666666,1.6666633336733327,0.5000000000000003
84.879,59.8185,train,0.016666666666666666,1.6666633336733327,0.5000000000000003
91.3854,49.5669,train,0.016666666666666666,1.6666633336733327,0.5000000000000003
