species,X,Y,PC1,PC2,PC3
insect.M.distribution180t1.1_PA2_RUN1,9.6879,40.4002,3664.50813324736,3516.84071740647,-556.84351230963
insect.M.distribution180t1.1_PA2_RUN1,99.4583,62.3936,5730.27424011829,-5173.22618417615,-252.320706882397
insect.M.distribution180t1.1_PA2_RUN1,8.7655,39.7378,3663.51629562774,3549.05260615633,-556.542031818546
insect.M.distribution180t1.1_PA2_RUN1,84.879,59.8185,-27048.7120605002,-433.778325973899,2795.64069744004
insect.M.distribution180t1.1_PA2_RUN1,91.3854,49.5669,-9740.56055100185,-1515.20194430718,-1067.05215118127
