X,Y,Test or train,Raw prediction,Cumulative prediction,Logistic prediction
21.0529,15.1588,train,0.018407360776458003,77.5133983582991,0.5189660714451126
19.9887,13.6431,train,0.017608802792355237,69.54963575487054,0.5078865988021714
33.0864,30.6038,train,0.02126845501376109,87.10845389563161,0.5548718741739703
31.8405,45.1568,train,0.015743306520518127,35.45607299868648,0.47990217651481265
27.1721,18.9361,train,0.018473369075591075,78.31967647525576,0.519859611906021
53.1845,-52.0881,train,0.01608033487728269,42.83517170004947,0.4851911237900011
