Predictor variable,Categorical,Sample average
PC1,false,3629.661759434803
PC2,false,43.7496160836126
PC3,false,641.6049914058448
