Predictor variable,Categorical,Sample average
PC1,false,527.9112139540223
PC2,false,1859.9702849117646
PC3,false,-358.52011245423273
