Predictor variable,Categorical,Sample average
PC1,false,7979.1961691132
PC2,false,-2462.634005036211
PC3,false,-436.51060960782536
