Predictor variable,Categorical,Sample average
PC1,false,863.9424788153981
PC2,false,1857.1729857396451
PC3,false,-404.17361588427065
