Predictor variable,Categorical,Sample average
PC1,false,399.4446882301155
PC2,false,775.2062597790464
PC3,false,-42.663702316681245
