Predictor variable,Categorical,Sample average
PC1,false,9278.25926650555
PC2,false,348.6808925618653
PC3,false,-523.5671216364792
