Raw value,Corresponding cumulative value,Corresponding Logistic value,Fractional area,Training omission,Test omission
4.90859E-1,49.085947783,0.495345806,0.033333333,0.384615385,0
5.09141E-1,100,0.504487091,0.016666667,0.384615385,0
1E0,100,0.666629531,0,0.384615385,0
