Predictor variable,Categorical,Sample average
PC1,false,2727.994060739394
PC2,false,-924.0090337228855
PC3,false,-376.30987538046213
