X,Y,Test or train,Raw prediction,Cumulative prediction,Logistic prediction
19.9887,13.6431,train,0.03622829003816715,94.90773688262645,0.6565900321155608
19.8917,13.6869,train,0.03622829003816715,94.90773688262645,0.6565900321155608
31.8405,45.1568,train,0.013001289363183113,21.23322791747802,0.4069334588953218
53.1845,-52.0881,train,0.020591377556721226,61.414635229981116,0.520779765366833
19.8725,13.7334,train,0.03622829003816715,94.90773688262645,0.6565900321155608
46.9672,40.9197,train,0.011562916110506782,15.901264651886574,0.37897470144850437
20.3082,15.5946,train,0.027055169481060584,79.82854486309607,0.5881136228835427
19.912,13.6439,train,0.03622829003816715,94.90773688262645,0.6565900321155608
