Predictor variable,Categorical,Sample average
PC1,false,4858.687392318236
PC2,false,-1288.9406139787993
PC3,false,631.6423509368386
