X,Y,Test or train,Raw prediction,Cumulative prediction,Logistic prediction
-50.4376,32.5427,train,0.01920885896423748,53.86353256894447,0.5197219286173343
107.4503,23.1467,train,0.021961900402962076,68.68862016101977,0.5530165203635509
74.925,38.6494,train,0.016911637688873337,38.23426156245307,0.4878921407491545
