Predictor variable,Categorical,Sample average
PC1,false,2934.7189754144965
PC2,false,-3720.125113768585
PC3,false,-1.5157364099392983
