species,X,Y,PC1,PC2,PC3
insect.M.distribution160t1.2_PA2_RUN1,-50.4376,32.5427,3287.79080099646,-221.626470987557,-388.327533318722
insect.M.distribution160t1.2_PA2_RUN1,107.4503,23.1467,4001.98288868873,-10252.1841615394,-207.282086702276
insect.M.distribution160t1.2_PA2_RUN1,74.925,38.6494,1514.3832365583,-686.564708778797,591.06241079118
