X,Y,Test or train,Raw prediction,Cumulative prediction,Logistic prediction
-16.8466,26.3714,train,0.017127114277476617,69.15920670479866,0.497431762440517
80.099,49.5909,train,0.01811602108108823,80.24754988712255,0.5114631936401424
119.9502,35.456,train,0.01748488323798477,72.51416957278076,0.5026001800809794
88.8679,53.214,train,0.01836245334536963,80.7792821432894,0.5148386718783529
5.5091,38.0668,train,0.016879937727989198,52.34692186362128,0.49379779851125954
5.6479,39.2556,train,0.016878933631166635,52.203192504421935,0.49378292920561995
5.5152,38.0576,train,0.016879937727989198,52.34692186362128,0.49379779851125954
62.595,55.1597,train,0.019299440556250186,86.2790641519491,0.5272580057373829
