Predictor variable,Categorical,Sample average
PC1,false,276.943611391676
PC2,false,17.94447589380985
PC3,false,-500.44917531636236
