Raw value,Corresponding cumulative value,Corresponding Logistic value,Fractional area,Training omission,Test omission
1.75744E-2,1.757439915,0.034480125,0.066666667,0.347826087,0
2.17391E-2,3.931352958,0.042305449,0.05,0.347826087,0
2.19447E-1,25.876043192,0.308398623,0.033333333,0.347826087,0
7.4124E-1,100,0.600991245,0.016666667,0.347826087,0
1E0,100,0.670186439,0,0.347826087,0
