X,Y,Test or train,Raw prediction,Cumulative prediction,Logistic prediction
-54.1515,36.6608,train,0.04572077690689993,74.76945710041876,0.6451924852752843
-168.9006,-56.5336,train,0.0416554142641541,69.09364780050387,0.6235988409860401
1.2062,33.6762,train,0.019121991678795098,33.18195784427441,0.4319890408433169
