Predictor variable,Categorical,Sample average
PC1,false,8312.283100008124
PC2,false,3902.148809955059
PC3,false,-38.39303530443294
