Predictor variable,Categorical,Sample average
PC1,false,-3807.3228324532583
PC2,false,1900.644134113257
PC3,false,246.18198913905445
