Predictor variable,Categorical,Sample average
PC1,false,336.36717455683817
PC2,false,262.11706261027035
PC3,false,-223.47975122177743
