X,Y,Test or train,Raw prediction,Cumulative prediction,Logistic prediction
1.3308,35.7007,train,0.03230928194383019,84.85864704906771,0.5873373353868248
0.5533,36.0223,train,0.03229966022948316,84.7098852016371,0.5872651442453924
77.9262,56.7389,train,0.01910143327714066,22.80621369494168,0.4569512664288768
