Predictor variable,Categorical,Sample average
PC1,false,-2205.0850915451438
PC2,false,-779.3409221252194
PC3,false,39.90979224920005
