Raw value,Corresponding cumulative value,Corresponding Logistic value,Fractional area,Training omission,Test omission
5.7223E-2,5.722298394,0.066512197,0.033333333,0.318181818,0
9.42777E-1,100,0.539997255,0.016666667,0.318181818,0
1E0,100,0.554595729,0,0.318181818,0
