Predictor variable,Categorical,Sample average
PC1,false,5159.5433948246955
PC2,false,-4125.995634333845
PC3,false,517.1680894598952
