Predictor variable,Categorical,Sample average
PC1,false,6249.009608606366
PC2,false,4838.729127173268
PC3,false,318.4964865650341
