Predictor variable,Categorical,Sample average
PC1,false,864.8183369767503
PC2,false,2375.23994489209
PC3,false,376.3310048314598
