X,Y,Test or train,Raw prediction,Cumulative prediction,Logistic prediction
17.1271,40.2713,train,0.021130932259794566,64.23635959640093,0.5404411664440677
18.7074,40.8828,train,0.017213361175380127,42.24070718465358,0.4892683366477806
18.8008,40.9082,train,0.01718821169704786,42.12375758237853,0.4889029827397635
0.3109,34.0248,train,0.02719254586985854,90.76412042669315,0.6021241772538998
