Predictor variable,Categorical,Sample average
PC1,false,3312.2141602937327
PC2,false,-1698.5474727225696
PC3,false,-339.92351063261975
