species,X,Y,PC1,PC2,PC3
insect.M.distribution150t1.2_PA1_RUN2,17.1271,40.2713,5190.81423932154,-1857.61860888983,-792.591972959237
insect.M.distribution150t1.2_PA1_RUN2,18.7074,40.8828,5213.70124974659,-855.25322681366,-839.861351433332
insect.M.distribution150t1.2_PA1_RUN2,18.8008,40.9082,5040.86394044974,-851.384128424218,-841.49206899651
insect.M.distribution150t1.2_PA1_RUN2,0.3109,34.0248,-2196.52278834294,-3229.93392676257,1114.2513508586
