Predictor variable,Categorical,Sample average
PC1,false,1580.3721068780203
PC2,false,2272.025454612973
PC3,false,852.2934701770931
