X,Y,Test or train,Raw prediction,Cumulative prediction,Logistic prediction
19.9887,13.6431,train,0.017325110410597293,59.187975164939786,0.4999999999999996
19.8917,13.6869,train,0.017325110410597293,59.187975164939786,0.4999999999999996
33.0864,30.6038,train,0.02300328370769137,84.81771459777417,0.5703991991404268
