species,X,Y,PC1,PC2,PC3
insect.M.distribution250t1.3_PA1_RUN1,19.9887,13.6431,5626.66636442183,-3180.90241662042,498.396748843836
insect.M.distribution250t1.3_PA1_RUN1,19.9887,13.6431,5626.66636442183,-3180.90241662042,498.396748843836
insect.M.distribution250t1.3_PA1_RUN1,19.8917,13.6869,5626.66636442183,-3180.90241662042,498.396748843836
insect.M.distribution250t1.3_PA1_RUN1,33.0864,30.6038,-6370.43444759793,2493.20916505782,2569.91645205861
