Predictor variable,Categorical,Sample average
PC1,false,2453.936998640508
PC2,false,-745.1923918291399
PC3,false,-248.58514609906928
