Predictor variable,Categorical,Sample average
PC1,false,8284.468016779241
PC2,false,6800.816837965773
PC3,false,200.50471059664082
