Predictor variable,Categorical,Sample average
PC1,false,-1828.456509751527
PC2,false,60.1055479438942
PC3,false,-255.78919346268654
