Predictor variable,Categorical,Sample average
PC1,false,1725.7003478189154
PC2,false,-2870.2043240853873
PC3,false,489.513297519464
