X,Y,Test or train,Raw prediction,Cumulative prediction,Logistic prediction
17.1271,40.2713,train,0.01706950485509077,22.740494146210548,0.31050705713091575
22.6086,33.5613,train,0.09309395557635262,86.09687183926995,0.7106547046560918
85.0809,16.9308,train,0.07551403720204494,73.82836878819494,0.665805671965941
0.3109,34.0248,train,0.09297322305892765,86.02503010018711,0.7103877863986312
