species,X,Y,PC1,PC2,PC3
insect.M.distribution150t1.2_PA1_RUN1,17.1271,40.2713,5190.81423932154,-1857.61860888983,-792.591972959237
insect.M.distribution150t1.2_PA1_RUN1,22.6086,33.5613,2624.09103122528,-3402.56254077573,503.283303674893
insect.M.distribution150t1.2_PA1_RUN1,85.0809,16.9308,1284.41890907178,-2990.70221991342,1133.1105085036
insect.M.distribution150t1.2_PA1_RUN1,0.3109,34.0248,-2196.52278834294,-3229.93392676257,1114.2513508586
