Predictor variable,Categorical,Sample average
PC1,false,-4043.6708038483202
PC2,false,2352.0754699595077
PC3,false,1763.6083087656973
