X,Y,Test or train,Raw prediction,Cumulative prediction,Logistic prediction
15.5624,35.4876,train,0.06714218190590578,79.3363684085032,0.7134434947117486
8.3977,34.0762,train,0.12011691294391587,95.68136509227233,0.8166510239567375
91.6036,28.9099,train,0.020447195067404788,46.23359050683072,0.43123864927769073
10.7859,32.6553,train,0.02910760774193608,63.129103928510986,0.5190793769631162
10.7666,32.6534,train,0.02910760774193608,63.129103928510986,0.5190793769631162
29.5466,40.7095,train,0.06963727696284126,80.1638139282134,0.7208446112657549
102.2257,-58.5488,train,0.012728536400854596,20.87719967934878,0.3206473237323088
