X,Y,Test or train,Raw prediction,Cumulative prediction,Logistic prediction
67.6384,45.4558,train,0.01881100078963303,55.11474617774601,0.5107331344779709
25.7219,42.8766,train,0.021878572849265872,74.4349321911673,0.5483497054413813
-50.4376,32.5427,train,0.018723946863978075,54.00136284323958,0.5095739728314449
