Predictor variable,Categorical,Sample average
PC1,false,2868.01577090006
PC2,false,1037.7525493599644
PC3,false,-380.63188477293596
