species,X,Y,PC1,PC2,PC3
insect.M.distribution160t1.1_PA1_RUN1,67.6384,45.4558,835.62072583228,1570.94530448578,-463.021743507345
insect.M.distribution160t1.1_PA1_RUN1,25.7219,42.8766,4480.63578587144,1763.93881458167,-290.546377492741
insect.M.distribution160t1.1_PA1_RUN1,-50.4376,32.5427,3287.79080099646,-221.626470987557,-388.327533318722
