Predictor variable,Categorical,Sample average
PC1,false,2738.5866559508477
PC2,false,-3091.6624800644913
PC3,false,581.0313439578746
