X,Y,Test or train,Raw prediction,Cumulative prediction,Logistic prediction
67.6384,45.4558,train,0.017072497490172256,28.540653788019917,0.49806124088970694
107.4503,23.1467,train,0.01843757320379267,73.58274136520717,0.5172847832161137
74.925,38.6494,train,0.017356347652143774,33.77444233029204,0.5021835831793003
