Predictor variable,Categorical,Sample average
PC1,false,717.2094147490909
PC2,false,978.6210787021079
PC3,false,-18.88768990833266
