Predictor variable,Categorical,Sample average
PC1,false,164.4880878637129
PC2,false,821.9286524379487
PC3,false,-352.9944249758646
