Predictor variable,Categorical,Sample average
PC1,false,3088.83013736522
PC2,false,-1823.6967763283392
PC3,false,-244.8574298049012
