X,Y,Test or train,Raw prediction,Cumulative prediction,Logistic prediction
-50.4376,32.5427,train,0.019842010204905353,52.182643553006436,0.5186455609968844
74.925,38.6494,train,0.016453324741874702,17.63149270170355,0.47186549872800126
1.33,33.182,train,0.014790654210303823,14.278422054642913,0.44542107445178675
17.6748,39.3077,train,0.02328336866391319,82.27663900382966,0.5583713178385709
43.041,-13.8629,train,0.021415186406031666,67.83988584625205,0.5376574902913334
107.6313,38.225,train,0.022188639840393525,73.72868080988101,0.5464645164158208
85.1706,14.1666,train,0.01992697797454544,53.0870987249667,0.5197122571241575
73.422,40.7268,train,0.0166057522852064,18.36882942855088,0.47416417691398594
105.057,39.3726,train,0.022321499117924488,73.99016783194284,0.547943678342539
