Predictor variable,Categorical,Sample average
PC1,false,7738.086870538199
PC2,false,-2567.3386745003486
PC3,false,-370.81607488469336
