Predictor variable,Categorical,Sample average
PC1,false,11036.136029369343
PC2,false,-540.6422051519983
PC3,false,299.886137880395
