X,Y,Test or train,Raw prediction,Cumulative prediction,Logistic prediction
32.3254,9.3393,train,0.02593405852609905,53.75244791429806,0.524279209151504
102.8431,49.1864,train,0.0167702119682848,17.63596754209375,0.4161108129985293
32.495,9.4316,train,0.025933886930710234,53.75077285321803,0.5242775588951983
10.0629,41.6494,train,0.032301321855387775,79.61578211673822,0.5785306146688087
9.9871,41.6435,train,0.032301321855387775,79.61578211673822,0.5785306146688087
31.954,8.993,train,0.02593405852609905,53.75244791429806,0.524279209151504
