X,Y,Test or train,Raw prediction,Cumulative prediction,Logistic prediction
-47.525,35.0639,train,0.031081166342393933,26.15248961586877,0.4999999999999461
6.63,34.3489,train,0.03897254823211891,81.26331661853116,0.5563237933751809
