X,Y,Test or train,Raw prediction,Cumulative prediction,Logistic prediction
1.3308,35.7007,train,0.033907594790867725,75.17426462425978,0.5880383079378885
0.5533,36.0223,train,0.03389733613866635,75.1628829089369,0.5879650030310516
77.9262,56.7389,train,0.027083017882707547,47.271549635007126,0.5327355041151524
