Predictor variable,Categorical,Sample average
PC1,false,3169.3843217221115
PC2,false,-591.4573345068352
PC3,false,-392.41749956172526
