Predictor variable,Categorical,Sample average
PC1,false,3142.4457880445257
PC2,false,-4069.3888025992164
PC3,false,718.8755154992335
