Predictor variable,Categorical,Sample average
PC1,false,2890.1617869136367
PC2,false,-3729.229707767476
PC3,false,748.8784244533553
