X,Y,Test or train,Raw prediction,Cumulative prediction,Logistic prediction
21.0529,15.1588,train,0.01738495509870855,87.92879938537763,0.5095059053138309
19.9887,13.6431,train,0.017004858549885836,67.18778072154045,0.5039804461659291
33.0864,30.6038,train,0.01868302042377711,90.65093209111106,0.5274818089052703
31.8405,45.1568,train,0.016081723222574732,31.839601384846667,0.4900279335928159
