Predictor variable,Categorical,Sample average
PC1,false,1043.4126381749559
PC2,false,2002.2521801723958
PC3,false,-349.5344310396651
