Predictor variable,Categorical,Sample average
PC1,false,2390.751065976247
PC2,false,1047.3928697434387
PC3,false,-162.6880653685764
