X,Y,Test or train,Raw prediction,Cumulative prediction,Logistic prediction
19.1228,40.1953,train,0.03621971372427356,51.946156156998335,0.5580267407742949
19.0675,40.1875,train,0.03621971372427356,51.946156156998335,0.5580267407742949
7.9496,42.4842,train,0.040216868536623845,57.88425754615535,0.5836658538749769
7.764,42.0,train,0.04023662882366435,57.90106947026409,0.5837852160671358
7.7644,42.0013,train,0.04023662882366435,57.90106947026409,0.5837852160671358
19.4402,40.2154,train,0.03606467636158425,51.66386369435455,0.5569685085861068
18.9409,40.1739,train,0.03621971372427356,51.946156156998335,0.5580267407742949
97.3889,45.5044,train,0.012542197291045613,11.557135497699146,0.3042062609468727
