Predictor variable,Categorical,Sample average
PC1,false,9599.570730964102
PC2,false,140.5739029813053
PC3,false,-667.2488856378482
