Predictor variable,Categorical,Sample average
PC1,false,752.9135786708268
PC2,false,-791.0749328677086
PC3,false,-468.846778518062
