Predictor variable,Categorical,Sample average
PC1,false,2646.059380687277
PC2,false,-1338.9217120872847
PC3,false,-230.37723967304942
