X,Y,Test or train,Raw prediction,Cumulative prediction,Logistic prediction
21.0529,15.1588,train,0.026597490413155716,64.94038083025194,0.5658681859781955
19.9887,13.6431,train,0.032903903601475444,78.69308057672572,0.6172252637742635
19.8917,13.6869,train,0.032903903601475444,78.69308057672572,0.6172252637742635
31.8405,45.1568,train,0.017842551335041854,37.37714398603159,0.4664958364401598
