Predictor variable,Categorical,Sample average
PC1,false,3187.509580369405
PC2,false,-970.0148877432538
PC3,false,1043.5676583674972
