Predictor variable,Categorical,Sample average
PC1,false,-3608.3580469581034
PC2,false,1229.4568222154865
PC3,false,221.2855299456414
