X,Y,Test or train,Raw prediction,Cumulative prediction,Logistic prediction
-0.5947,35.4562,train,0.02576637306018175,84.76907368730836,0.5911863315355536
109.4701,32.2945,train,0.016198525909956296,61.984275114459145,0.47619844015668755
94.4103,-56.7947,train,0.016747378420006814,69.63865478002745,0.4845157622183319
94.353,-56.7876,train,0.016734946646774954,69.33132271885835,0.484330295591507
10.1539,40.9589,train,0.020202930462279726,75.6167346361808,0.5313660499213512
-0.5848,35.3176,train,0.02576637306018175,84.76907368730836,0.5911863315355536
-24.2727,12.3566,train,0.015077206543224076,52.49066010171427,0.4583431872268979
64.405,-61.9631,train,0.019907673307747818,75.3467268286541,0.5276983029251482
