X,Y,Test or train,Raw prediction,Cumulative prediction,Logistic prediction
1.3308,35.7007,train,0.03420450773069726,69.22642120720683,0.5699122994394401
0.5533,36.0223,train,0.03419612620491499,69.21874507050974,0.5698522283583536
77.9262,56.7389,train,0.06003993643717306,82.76552534706747,0.6993376615399606
