Predictor variable,Categorical,Sample average
PC1,false,-2560.0243954351868
PC2,false,2600.11129012208
PC3,false,-915.9808251298094
