Predictor variable,Categorical,Sample average
PC1,false,4936.04928101178
PC2,false,-7658.9515765251945
PC3,false,508.93203217511865
