Predictor variable,Categorical,Sample average
PC1,false,2993.8251535236323
PC2,false,-1590.177045839849
PC3,false,-241.10045856549175
