Predictor variable,Categorical,Sample average
PC1,false,2438.563769463377
PC2,false,-1122.0917490852494
PC3,false,-205.25347133297188
