Predictor variable,Categorical,Sample average
PC1,false,1034.0396574504355
PC2,false,1132.5792995214263
PC3,false,-362.9462078332011
