X,Y,Test or train,Raw prediction,Cumulative prediction,Logistic prediction
94.4103,-56.7947,train,0.01707317401472728,34.88757109955764,0.4821742091967897
94.353,-56.7876,train,0.017316250531776198,36.60705348154775,0.48570478224004615
-0.5848,35.3176,train,0.03503805624916011,94.6209972583577,0.6564678314117349
42.7197,58.9328,train,0.020828591265876262,62.90572794891317,0.5318280964533114
42.5748,59.0753,train,0.020828591265876262,62.90572794891317,0.5318280964533114
94.3811,-56.8496,train,0.017316250531776198,36.60705348154775,0.48570478224004615
-24.2727,12.3566,train,0.01041506083592011,12.84539538608772,0.3622552755139239
9.7282,37.1139,train,0.026997623057404597,90.17024265283746,0.5955378942491437
-0.5947,35.4562,train,0.03503805624916011,94.6209972583577,0.6564678314117349
