Predictor variable,Categorical,Sample average
PC1,false,-2822.7907616977877
PC2,false,1663.2254502578403
PC3,false,-146.64738904766168
