X,Y,Test or train,Raw prediction,Cumulative prediction,Logistic prediction
109.4701,32.2945,train,0.016718136334143346,78.05646880021789,0.5006435442312909
3.4722,-47.3345,train,0.016475251592561267,37.72274805544756,0.49698488445160877
94.4103,-56.7947,train,0.016773607268514894,82.40226558213602,0.5014716695879011
-0.5848,35.3176,train,0.017507610629687732,91.09588637239818,0.5121765218852848
94.353,-56.7876,train,0.016772369066105467,82.34143564682519,0.5014532144413771
