X,Y,Test or train,Raw prediction,Cumulative prediction,Logistic prediction
21.0529,15.1588,train,0.0171034931957231,74.30729353643684,0.5057909652627243
19.9887,13.6431,train,0.016874722518383956,70.2512705830938,0.5024247227539422
33.0864,30.6038,train,0.017870433789376687,83.70934165078296,0.5167511729093887
31.8405,45.1568,train,0.016310623586159124,39.57659165704322,0.49392500472235573
