X,Y,Test or train,Raw prediction,Cumulative prediction,Logistic prediction
-16.8466,26.3714,train,0.017948240144779772,53.93506915406125,0.5018732340400468
80.099,49.5909,train,0.020057918266225102,76.04189356276109,0.5296214985628963
119.9502,35.456,train,0.01869809185042753,57.66896503156354,0.5121032306280221
5.6479,39.2556,train,0.017436999457386828,44.153412955448694,0.49464901864526223
5.5091,38.0668,train,0.01743905311967544,44.209370834207355,0.4946784575900517
