Predictor variable,Categorical,Sample average
PC1,false,1175.5722733050957
PC2,false,890.706255392876
PC3,false,-400.1726291719978
