Predictor variable,Categorical,Sample average
PC1,false,334.5640231557316
PC2,false,1454.301782438362
PC3,false,-85.73771885021499
