Predictor variable,Categorical,Sample average
PC1,false,-3647.5517479958394
PC2,false,3123.89479532013
PC3,false,556.8231426306596
