X,Y,Test or train,Raw prediction,Cumulative prediction,Logistic prediction
73.5722,59.7387,train,0.015795333623238008,24.558158511836652,0.4795659263263772
1.5784,34.3551,train,0.020187415733567617,79.16826294304249,0.5407998373732018
2.0269,34.1346,train,0.020187442654982436,79.16898917910265,0.5408001685465856
