Predictor variable,Categorical,Sample average
PC1,false,2781.4449972053376
PC2,false,2100.766467572309
PC3,false,-203.90292088762237
