Predictor variable,Categorical,Sample average
PC1,false,2388.9366048674965
PC2,false,-2395.395295458997
PC3,false,516.3098484881774
