Predictor variable,Categorical,Sample average
PC1,false,4034.9800859797624
PC2,false,-607.1233121246005
PC3,false,551.6379503847153
