Predictor variable,Categorical,Sample average
PC1,false,5504.800754255231
PC2,false,-3574.7568884921084
PC3,false,601.8122332745883
