X,Y,Test or train,Raw prediction,Cumulative prediction,Logistic prediction
15.5624,35.4876,train,0.017864581503696877,83.09061652676587,0.5164165506726506
8.3977,34.0762,train,0.018291179625368827,87.0687420786649,0.5223073577059167
-32.0802,-45.4725,train,0.015808216738472925,23.263214591960832,0.4858536764448562
102.3723,-58.511,train,0.016506754029387873,67.5232918059998,0.49665989489704493
10.7859,32.6553,train,0.017580273423309676,76.81638327860607,0.5124092496506929
