Predictor variable,Categorical,Sample average
PC1,false,-2970.3842812810526
PC2,false,659.801979236154
PC3,false,1144.2936822742927
