X,Y,Test or train,Raw prediction,Cumulative prediction,Logistic prediction
-32.0802,-45.4725,train,0.014699246889093711,28.15666572527377,0.463579397649122
102.3723,-58.511,train,0.017357401154733696,67.59852911912826,0.50507028765466
10.7859,32.6553,train,0.022114514733083533,86.61059372290362,0.565250015027958
10.7666,32.6534,train,0.022114514733083533,86.61059372290362,0.565250015027958
