Predictor variable,Categorical,Sample average
PC1,false,-1403.718343308636
PC2,false,-640.3541463964625
PC3,false,130.72313865588353
