Predictor variable,Categorical,Sample average
PC1,false,-1042.785543820755
PC2,false,243.89318106351217
PC3,false,514.8019002284253
