Predictor variable,Categorical,Sample average
PC1,false,-34.57332607822909
PC2,false,878.4428743067314
PC3,false,-207.75550652810432
