Predictor variable,Categorical,Sample average
PC1,false,9596.972816323723
PC2,false,4478.7465318942395
PC3,false,-181.70331793616168
