Predictor variable,Categorical,Sample average
PC1,false,4792.213565458198
PC2,false,-1057.0314620575316
PC3,false,-476.2095076491184
