Predictor variable,Categorical,Sample average
PC1,false,294.67615927121534
PC2,false,1124.6148530365986
PC3,false,148.7942509718235
