X,Y,Test or train,Raw prediction,Cumulative prediction,Logistic prediction
-168.9006,-56.5336,train,0.0388692153166707,63.92609036486603,0.6177344447630962
-49.2426,40.4999,train,0.04330289040671411,76.65519687996492,0.642896927807369
1.2062,33.6762,train,0.01846754924005805,33.77759913627043,0.43432064452223873
