Predictor variable,Categorical,Sample average
PC1,false,4597.61792442034
PC2,false,-3109.3491363725743
PC3,false,-930.9792897861887
