Predictor variable,Categorical,Sample average
PC1,false,-1280.933535028759
PC2,false,-1207.282423920659
PC3,false,-47.69298304768378
