X,Y,Test or train,Raw prediction,Cumulative prediction,Logistic prediction
0.9082,38.1222,train,3.0432412209717805,100.0,0.9423796759747681
0.7017,37.6501,train,3.0432412209717805,100.0,0.9423796759747681
0.8588,38.3662,train,3.0432412209717805,100.0,0.9423796759747681
10.7628,36.5256,train,0.0028132665899135265,0.8298417196519651,0.014893876369399957
0.96,38.4215,train,3.0432412209717805,100.0,0.9423796759747681
