Predictor variable,Categorical,Sample average
PC1,false,1035.4238988904003
PC2,false,4202.502324381143
PC3,false,-699.5251567879418
