Predictor variable,Categorical,Sample average
PC1,false,2768.260084566218
PC2,false,-2190.910655569789
PC3,false,521.2548494326027
