X,Y,Test or train,Raw prediction,Cumulative prediction,Logistic prediction
19.1228,40.1953,train,0.027618252629800184,45.80298102666491,0.5132037709748861
19.0675,40.1875,train,0.027618252629800184,45.80298102666491,0.5132037709748861
