Predictor variable,Categorical,Sample average
PC1,false,-2591.467720342754
PC2,false,378.8191454023314
PC3,false,305.57105750631234
