X,Y,Test or train,Raw prediction,Cumulative prediction,Logistic prediction
-0.5947,35.4562,train,0.017531970578599555,90.85716820886624,0.5124920646321653
109.4701,32.2945,train,0.016661269193690077,71.88764134471727,0.49975984271732754
3.4722,-47.3345,train,0.016394244367693697,32.66690537120919,0.4957208232079034
94.353,-56.7876,train,0.01672094738397676,73.56851027030814,0.5006537052866966
10.1539,40.9589,train,0.017070141825596106,86.11263581846706,0.5058205870759479
