Predictor variable,Categorical,Sample average
PC1,false,177.829134349949
PC2,false,2515.56599708778
PC3,false,-206.67412686807953
