Predictor variable,Categorical,Sample average
PC1,false,502.418038230032
PC2,false,2191.905947106028
PC3,false,-456.58601382969476
