X,Y,Test or train,Raw prediction,Cumulative prediction,Logistic prediction
123.8358,-60.614,train,0.01761501645444231,57.48046207057787,0.49999999999999994
94.4457,45.9801,train,0.037852866321883796,99.99985335175076,0.682428541116762
