species,X,Y,PC1,PC2,PC3
insect.M.distribution120t1.2_PA1_RUN2,123.8358,-60.614,-18276.7028820054,490.300873640484,3674.97071214332
insect.M.distribution120t1.2_PA1_RUN2,94.4457,45.9801,9198.58272868081,13477.1479988539,-273.682427682619
