Predictor variable,Categorical,Sample average
PC1,false,3244.6483243112098
PC2,false,570.1861151409478
PC3,false,-291.49895236369895
