Raw value,Corresponding cumulative value,Corresponding Logistic value,Fractional area,Training omission,Test omission
1.63016E-3,0.163015905,0.001647274,0.033333333,0.285714286,0
9.9837E-1,100,0.502615341,0.016666667,0.285714286,0
1E0,100,0.5030232,0,0.285714286,0
