Predictor variable,Categorical,Sample average
PC1,false,186.82319018338544
PC2,false,1265.7226792007561
PC3,false,67.14960696611277
