X,Y,Test or train,Raw prediction,Cumulative prediction,Logistic prediction
73.899,42.4236,train,0.01761525061544966,34.284227918273146,0.5000000003166766
9.177,40.6294,train,0.018036943676869158,40.4913593880027,0.5059139849926099
