Predictor variable,Categorical,Sample average
PC1,false,2081.4750858235548
PC2,false,-284.662722875275
PC3,false,-456.846986703933
