Predictor variable,Categorical,Sample average
PC1,false,2160.583239857093
PC2,false,2394.5343281326514
PC3,false,136.77494084457365
