Predictor variable,Categorical,Sample average
PC1,false,9883.943093315844
PC2,false,5908.764384598829
PC3,false,-118.2091709728485
