X,Y,Test or train,Raw prediction,Cumulative prediction,Logistic prediction
9.9701,40.4731,train,0.012444822829309934,28.723337750547948,0.36444003154114446
102.1091,51.5068,train,0.04397643322326317,82.95115717538948,0.669562006043783
94.4457,45.9801,train,0.07843390938406565,88.80746823079852,0.7832669599802498
100.9356,46.8891,train,0.08443211741237149,90.15411437417268,0.7955155941299211
-7.1932,-7.377,train,0.029591340021781078,80.71679394037935,0.5768932226173673
12.1923,17.0014,train,0.010476834701801316,4.8737912390492255,0.325571726727135
