species,X,Y,PC1,PC2,PC3
insect.M.distribution120t3.2_PA1_RUN2,9.9701,40.4731,12107.8791236363,-2543.52253289402,-721.841533944087
insect.M.distribution120t3.2_PA1_RUN2,102.1091,51.5068,7923.60015201571,8952.05788871203,-171.805452174001
insect.M.distribution120t3.2_PA1_RUN2,94.4457,45.9801,9198.58272868081,13477.1479988539,-273.682427682619
insect.M.distribution120t3.2_PA1_RUN2,100.9356,46.8891,8868.99339821547,14168.1009661662,263.097313541767
insect.M.distribution120t3.2_PA1_RUN2,-7.1932,-7.377,12675.5597025595,4543.06567586974,-584.610080976135
insect.M.distribution120t3.2_PA1_RUN2,102.1091,51.5068,7923.60015201571,8952.05788871203,-171.805452174001
insect.M.distribution120t3.2_PA1_RUN2,12.1923,17.0014,8529.04345478727,-3144.26368911487,779.587155397984
