Predictor variable,Categorical,Sample average
PC1,false,4735.6922736489605
PC2,false,-1751.64829172195
PC3,false,-728.2657439496323
