Predictor variable,Categorical,Sample average
PC1,false,10762.092183106775
PC2,false,-567.6013332664801
PC3,false,462.81562350996165
