X,Y,Test or train,Raw prediction,Cumulative prediction,Logistic prediction
32.114,9.2479,train,0.023224290147165854,55.7640123871336,0.5197716596177777
32.3254,9.3393,train,0.023224290147165854,55.7640123871336,0.5197716596177777
102.8431,49.1864,train,0.017572951262476003,16.467196553235844,0.45023779313723883
32.495,9.4316,train,0.02322419186147993,55.762515609846766,0.5197706032645546
9.9871,41.6435,train,0.026725676626722816,78.74390406347851,0.5546690593328537
31.954,8.993,train,0.023224290147165854,55.7640123871336,0.5197716596177777
