Predictor variable,Categorical,Sample average
PC1,false,-1005.1057424871818
PC2,false,473.3461980850716
PC3,false,-135.05234148406254
