Predictor variable,Categorical,Sample average
PC1,false,-3196.797028791369
PC2,false,78.96652794951065
PC3,false,291.59702500588185
