Predictor variable,Categorical,Sample average
PC1,false,-3092.7904265681004
PC2,false,1017.0634336774368
PC3,false,1507.797724696781
