X,Y,Test or train,Raw prediction,Cumulative prediction,Logistic prediction
15.5624,35.4876,train,0.04107371037842818,81.93472185741571,0.6716767713058319
8.3977,34.0762,train,0.06414331283046543,99.59620216813454,0.7616106543153766
-32.0802,-45.4725,train,0.009799633444420768,20.525904462486206,0.32800002205356327
10.7859,32.6553,train,0.027071312809421648,68.77568577473065,0.5741699197383939
91.6036,28.9099,train,0.017701369023050438,49.2924049875507,0.46855464891226833
10.7666,32.6534,train,0.027071312809421648,68.77568577473065,0.5741699197383939
