Predictor variable,Categorical,Sample average
PC1,false,-2606.832920073172
PC2,false,345.0117213775733
PC3,false,288.403627105427
