Predictor variable,Categorical,Sample average
PC1,false,2633.9156745646414
PC2,false,1130.4693160785487
PC3,false,-135.06486039697126
