Predictor variable,Categorical,Sample average
PC1,false,2729.9018411602783
PC2,false,985.0270413601793
PC3,false,346.14858260137044
