X,Y,Test or train,Raw prediction,Cumulative prediction,Logistic prediction
21.0529,15.1588,train,0.018039004147049603,60.34110989781982,0.5149682673740288
19.8917,13.6869,train,0.018134702057581192,64.68747024395302,0.5162897323942383
33.0864,30.6038,train,0.01535517403434931,9.729803250455442,0.4747233513109251
31.8405,45.1568,train,0.01820186957773757,73.4846261724455,0.5172129370833577
27.1721,18.9361,train,0.017624450307248404,38.403617486342426,0.5091594288371832
53.1845,-52.0881,train,0.018276880161024085,77.51208746966674,0.5182397867210471
19.8725,13.7334,train,0.018134702057581192,64.68747024395302,0.5162897323942383
