Predictor variable,Categorical,Sample average
PC1,false,3914.948131575807
PC2,false,-416.91496001696345
PC3,false,621.1466710398436
