Predictor variable,Categorical,Sample average
PC1,false,1351.2317200849793
PC2,false,2100.2863522605526
PC3,false,487.77329757859906
