Predictor variable,Categorical,Sample average
PC1,false,1393.893342828329
PC2,false,1855.1576330494843
PC3,false,-292.84176465676285
