Predictor variable,Categorical,Sample average
PC1,false,11080.773120113401
PC2,false,-64.60462413291266
PC3,false,101.37684689407553
