Predictor variable,Categorical,Sample average
PC1,false,3678.1218154717817
PC2,false,-1200.2376075983352
PC3,false,773.8352085041876
