Predictor variable,Categorical,Sample average
PC1,false,10802.674375535786
PC2,false,-340.7716014019608
PC3,false,347.46507578939764
