Predictor variable,Categorical,Sample average
PC1,false,-1149.3084183252638
PC2,false,-1399.3547959956902
PC3,false,64.29289108264346
