Raw value,Corresponding cumulative value,Corresponding Logistic value,Fractional area,Training omission,Test omission
1.01317E-2,1.013174705,0.020678024,0.05,0.25,0
4.30403E-1,44.053425875,0.472841282,0.033333333,0.25,0
5.59466E-1,100,0.538304686,0.016666667,0.25,0
1E0,100,0.675746532,0,0.25,0
