Predictor variable,Categorical,Sample average
PC1,false,3568.9396535727406
PC2,false,-2915.8642532893673
PC3,false,304.55161237843254
