Raw value,Corresponding cumulative value,Corresponding Logistic value,Fractional area,Training omission,Test omission
2.53467E-1,25.346678706,0.308655895,0.033333333,0.352941176,0
7.46533E-1,100,0.568024745,0.016666667,0.352941176,0
1E0,100,0.637865521,0,0.352941176,0
