X,Y,Test or train,Raw prediction,Cumulative prediction,Logistic prediction
95.5153,46.077,train,0.23965100157184255,45.453758255456,0.5095448367618906
94.3441,39.1797,train,0.27004274389541144,49.387601653359084,0.539313815999852
98.1107,46.2216,train,0.23060240101561894,44.28256814376965,0.49992382517268413
