Predictor variable,Categorical,Sample average
PC1,false,1624.9721368290648
PC2,false,-13940.381589491933
PC3,false,501.1683765774819
