Predictor variable,Categorical,Sample average
PC1,false,-5031.558880365379
PC2,false,1398.2323958128623
PC3,false,254.4040325712107
