species,X,Y,PC1,PC2,PC3
insect.M.distribution180t1.3_PA2_RUN1,20.2231,38.6193,4004.05810117301,1543.94038716491,48.9485050528425
insect.M.distribution180t1.3_PA2_RUN1,8.7655,39.7378,3663.51629562774,3549.05260615633,-556.542031818546
insect.M.distribution180t1.3_PA2_RUN1,84.879,59.8185,-27048.7120605002,-433.778325973899,2795.64069744004
insect.M.distribution180t1.3_PA2_RUN1,19.443,43.0475,3963.9038128744,3847.14925602415,51.0251433629869
insect.M.distribution180t1.3_PA2_RUN1,91.3854,49.5669,-9740.56055100185,-1515.20194430718,-1067.05215118127
