X,Y,Test or train,Raw prediction,Cumulative prediction,Logistic prediction
-47.525,35.0639,train,0.018183275072179466,96.25452185753454,0.5215632637652919
