Predictor variable,Categorical,Sample average
PC1,false,3089.145525612539
PC2,false,-996.587949088594
PC3,false,-406.97502871166625
