X,Y,Test or train,Raw prediction,Cumulative prediction,Logistic prediction
20.2231,38.6193,train,0.016997900244677577,43.356831661745005,0.49721122921851385
9.6879,40.4002,train,0.020738320276486973,81.5520898961157,0.5467971784496082
32.4277,-30.4923,train,0.01719329403842654,45.326540701481406,0.5000686015240454
19.443,43.0475,train,0.01814150481962749,59.53384629998477,0.5134860724427831
91.3854,49.5669,train,0.020263899709626828,77.59221066482618,0.5410563367248626
