Predictor variable,Categorical,Sample average
PC1,false,482.9637372011879
PC2,false,1700.4953728337878
PC3,false,-315.19906130505547
