species,X,Y,PC1,PC2,PC3
insect.M.distribution180t1.3_PA1_RUN2,20.2231,38.6193,4004.05810117301,1543.94038716491,48.9485050528425
insect.M.distribution180t1.3_PA1_RUN2,9.6879,40.4002,3664.50813324736,3516.84071740647,-556.84351230963
insect.M.distribution180t1.3_PA1_RUN2,32.4277,-30.4923,522.90918971302,1109.74844788059,-52.0732914502068
insect.M.distribution180t1.3_PA1_RUN2,19.443,43.0475,3963.9038128744,3847.14925602415,51.0251433629869
insect.M.distribution180t1.3_PA1_RUN2,91.3854,49.5669,-9740.56055100185,-1515.20194430718,-1067.05215118127
