Predictor variable,Categorical,Sample average
PC1,false,-2566.659245104021
PC2,false,1811.384642992237
PC3,false,1154.0970449099057
