X,Y,Test or train,Raw prediction,Cumulative prediction,Logistic prediction
1.3308,35.7007,train,0.023833380248593734,88.5142814099476,0.5657405795219633
-40.8758,36.1436,train,0.01579674241144548,26.677568675939366,0.4633682892981485
77.9262,56.7389,train,0.021796619921469758,53.8216143889325,0.5436787080865189
0.71,35.9525,train,0.02383056864097742,88.50867671999333,0.5657115951006195
-40.7807,36.1015,train,0.01579674241144548,26.677568675939366,0.4633682892981485
57.2682,40.9914,train,0.022662138058438818,75.88197625600459,0.5533219694898214
1.2819,37.671,train,0.022933250307026743,83.76883424905769,0.5562593176034643
