Predictor variable,Categorical,Sample average
PC1,false,2743.724322566843
PC2,false,-2888.040293173844
PC3,false,676.3436110927613
