X,Y,Test or train,Raw prediction,Cumulative prediction,Logistic prediction
-16.8466,26.3714,train,0.018145148648911015,57.6100459478216,0.49752595111813935
80.099,49.5909,train,0.020412787174211265,74.57768812109865,0.5269393912258844
119.9502,35.456,train,0.018949415812013794,65.99173738430319,0.5083676171978719
86.7886,54.2751,train,0.020959687836236487,76.42187692306089,0.5335249888282618
5.6479,39.2556,train,0.017597950775562556,42.902816566597515,0.48987212369530664
5.4932,38.0514,train,0.01760014698387524,43.008299232105855,0.48990330876115673
