Predictor variable,Categorical,Sample average
PC1,false,-73.93839261180877
PC2,false,857.3488600550073
PC3,false,-454.41910184698787
