X,Y,Test or train,Raw prediction,Cumulative prediction,Logistic prediction
-0.5947,35.4562,train,0.017056723262119114,93.08191208413926,0.505758049068792
109.4701,32.2945,train,0.01668864221727623,76.68010641017517,0.5003042858636069
3.4722,-47.3345,train,0.01657356478296381,34.79478737743711,0.49857443020512515
94.4103,-56.7947,train,0.016714800166730995,77.744159966452,0.5006958312468671
94.353,-56.7876,train,0.016714216776364796,77.72029817761005,0.5006871054555658
