Predictor variable,Categorical,Sample average
PC1,false,-1892.866541116228
PC2,false,-317.4885754749154
PC3,false,-231.00739431036965
