Predictor variable,Categorical,Sample average
PC1,false,9129.509602855636
PC2,false,6911.9224327864795
PC3,false,5.149624197929353
