Predictor variable,Categorical,Sample average
PC1,false,1440.9793671693556
PC2,false,2907.876908384475
PC3,false,1163.007488208485
