Predictor variable,Categorical,Sample average
PC1,false,-23.951890777974963
PC2,false,1597.876614330697
PC3,false,29.99632568908886
