Raw value,Corresponding cumulative value,Corresponding Logistic value,Fractional area,Training omission,Test omission
2.11328E-3,0.211328323,0.00575558,0.083333333,0.297297297,0
3.2966E-2,3.507931391,0.08282424,0.066666667,0.297297297,0
1.53223E-1,18.83023858,0.29563707,0.05,0.297297297,0
1.76794E-1,36.509595253,0.3262768,0.033333333,0.297297297,0
6.34904E-1,100,0.6349282,0.016666667,0.297297297,0
1E0,100,0.732569652,0,0.297297297,0
