X,Y,Test or train,Raw prediction,Cumulative prediction,Logistic prediction
19.1228,40.1953,train,0.03236368921523333,47.41381654069101,0.5568065917020623
19.0675,40.1875,train,0.03236368921523333,47.41381654069101,0.5568065917020623
7.9496,42.4842,train,0.035271694397078064,55.98209361668457,0.5779236093125726
15.8295,43.1459,train,0.0292013688494529,43.15662074646022,0.5313065372989338
7.7644,42.0013,train,0.03528664061565787,55.99716665147706,0.5780269473384069
-34.7738,-26.4047,train,0.023210147550796235,35.24656548270664,0.47396461171947296
19.4402,40.2154,train,0.03224417539914553,47.172298014843534,0.5558934216378933
18.9409,40.1739,train,0.03236368921523333,47.41381654069101,0.5568065917020623
97.3914,45.5063,train,0.013636086521851148,13.116466272901173,0.3461273794678855
