X,Y,Test or train,Raw prediction,Cumulative prediction,Logistic prediction
-149.36,-59.8952,train,0.016666666666666666,1.6666633336733327,0.5000000000000003
