X,Y,Test or train,Raw prediction,Cumulative prediction,Logistic prediction
21.0529,15.1588,train,0.019005935208693182,70.25711742194099,0.5138347398304964
19.8917,13.6869,train,0.017130620199011442,55.54813317046243,0.4878697046179016
33.0864,30.6038,train,0.026659612700840763,78.73182036490236,0.5971854852381531
