Predictor variable,Categorical,Sample average
PC1,false,802.2474024360109
PC2,false,1738.0964006710392
PC3,false,-380.8424909997042
