Predictor variable,Categorical,Sample average
PC1,false,7712.297851764552
PC2,false,-2890.1864353206247
PC3,false,-388.37181223743096
