Raw value,Corresponding cumulative value,Corresponding Logistic value,Fractional area,Training omission,Test omission
1.30294E-9,0.00000013,0.000000003,0.083333333,0.290322581,0
1.78178E-2,1.781781251,0.042975159,0.066666667,0.290322581,0
8.69426E-2,10.476045081,0.179733055,0.05,0.290322581,0
2.61969E-1,36.672925073,0.397670643,0.033333333,0.290322581,0
6.33271E-1,100,0.614790063,0.016666667,0.290322581,0
1E0,100,0.715927536,0,0.290322581,0
