Predictor variable,Categorical,Sample average
PC1,false,836.7892415226266
PC2,false,1833.032816013376
PC3,false,-126.29874666010446
