Predictor variable,Categorical,Sample average
PC1,false,-457.78291647642243
PC2,false,-954.8085060471124
PC3,false,-9.947754964200403
