Raw value,Corresponding cumulative value,Corresponding Logistic value,Fractional area,Training omission,Test omission
1.72414E-2,1.724137929,0.018463136,0.033333333,0.137931034,0
9.82759E-1,100,0.517419892,0.016666667,0.137931034,0
1E0,100,0.521761125,0,0.137931034,0
