Predictor variable,Categorical,Sample average
PC1,false,640.5742784085987
PC2,false,1685.5197707318189
PC3,false,-190.136030996401
