Predictor variable,Categorical,Sample average
PC1,false,1444.754417881148
PC2,false,-2573.036267586765
PC3,false,1110.4187362009081
