X,Y,Test or train,Raw prediction,Cumulative prediction,Logistic prediction
-47.525,35.0639,train,0.054825442411969655,70.05474843240502,0.5743955064905344
-149.36,-59.8952,train,0.0590895239743291,71.05214177374967,0.5925958602617579
