X,Y,Test or train,Raw prediction,Cumulative prediction,Logistic prediction
20.1294,3.9057,train,0.024881923465898875,73.65619518953046,0.5453505659566368
7.9127,30.9913,train,0.020296591949581562,32.83566246699604,0.49455361389907354
10.0454,41.646,train,0.024174876029348927,66.13639278248975,0.5381940792825067
102.8431,49.1864,train,0.017098405130084884,16.306438312395986,0.4518362546719487
32.3254,9.3393,train,0.02152718143593579,46.46375656028672,0.5092681871922685
9.9871,41.6435,train,0.024174876029348927,66.13639278248975,0.5381940792825067
31.954,8.993,train,0.02152718143593579,46.46375656028672,0.5092681871922685
