Predictor variable,Categorical,Sample average
PC1,false,11209.655157855192
PC2,false,232.5343215220275
PC3,false,-1.1530169423219832
