Predictor variable,Categorical,Sample average
PC1,false,6042.163334846565
PC2,false,-4180.308527108921
PC3,false,533.9033498969629
