X,Y,Test or train,Raw prediction,Cumulative prediction,Logistic prediction
-0.5947,35.4562,train,0.031121347773166445,91.35645550265099,0.6367799418260065
109.4701,32.2945,train,0.015737252696364147,44.75128819515881,0.4699243374900954
94.4103,-56.7947,train,0.016879629795633858,50.00828910817813,0.48740986549649584
10.1539,40.9589,train,0.02478035713279766,83.59796315777463,0.5826283773596175
94.353,-56.7876,train,0.016972292597312356,54.1873606443028,0.4887777410249103
