Predictor variable,Categorical,Sample average
PC1,false,-3497.343597970938
PC2,false,504.63512059318936
PC3,false,473.40947395704035
