X,Y,Test or train,Raw prediction,Cumulative prediction,Logistic prediction
-0.5947,35.4562,train,0.01982640345810404,97.18798401186477,0.5413207632411936
109.4701,32.2945,train,0.016446886468269153,53.41083357303374,0.49469582535918366
3.4722,-47.3345,train,0.016771367915189447,61.580405177816765,0.4995798651824082
-0.5848,35.3176,train,0.01982640345810404,97.18798401186477,0.5413207632411936
94.353,-56.7876,train,0.015842205229320203,14.04289491949995,0.4853351857857771
