Predictor variable,Categorical,Sample average
PC1,false,1090.434402761269
PC2,false,1161.7199705088171
PC3,false,323.9637384243097
