Predictor variable,Categorical,Sample average
PC1,false,1649.4145804069317
PC2,false,1564.0713346394725
PC3,false,762.9923862759703
