Predictor variable,Categorical,Sample average
PC1,false,3535.0470300170855
PC2,false,-2275.5668745007997
PC3,false,0.5774425556864742
