X,Y,Test or train,Raw prediction,Cumulative prediction,Logistic prediction
17.1271,40.2713,train,0.02150003336448468,47.46522265215909,0.5125924857141388
22.6086,33.5613,train,0.03515617690433362,87.31789079573525,0.6323069435918869
85.0809,16.9308,train,0.03083676994042505,65.09654466477562,0.6013357667482648
18.8008,40.9082,train,0.015607888191346292,26.7904818885085,0.4329322709078659
