Predictor variable,Categorical,Sample average
PC1,false,684.0595588782055
PC2,false,1065.998778251255
PC3,false,111.89251107268251
