Predictor variable,Categorical,Sample average
PC1,false,-3750.4978643455443
PC2,false,1257.4500004544254
PC3,false,56.73248292239307
