Predictor variable,Categorical,Sample average
PC1,false,4161.533463293795
PC2,false,-3269.345334158159
PC3,false,353.53176462060065
