Predictor variable,Categorical,Sample average
PC1,false,-254.4939154996473
PC2,false,2253.585780328227
PC3,false,-78.8915817812069
