Predictor variable,Categorical,Sample average
PC1,false,3905.7580771265343
PC2,false,-2704.7179905062862
PC3,false,-835.9292408540379
