Predictor variable,Categorical,Sample average
PC1,false,-1058.8317703672985
PC2,false,126.1495664410073
PC3,false,516.1964735117563
