Predictor variable,Categorical,Sample average
PC1,false,1258.8434678924702
PC2,false,118.93146694594832
PC3,false,-438.5133749903569
