Predictor variable,Categorical,Sample average
PC1,false,3332.3339703728234
PC2,false,-3058.270018578842
PC3,false,31.077982198721013
