X,Y,Test or train,Raw prediction,Cumulative prediction,Logistic prediction
25.7219,42.8766,train,0.024015236782840368,72.19152625231827,0.5555488797668563
107.4503,23.1467,train,0.02280636413489214,67.82542097252522,0.5427621911476372
74.925,38.6494,train,0.017437378256621408,24.298409521997073,0.47577999462068005
