species,X,Y,PC1,PC2,PC3
insect.M.distribution160t1.3_PA1_RUN2,25.7219,42.8766,4480.63578587144,1763.93881458167,-290.546377492741
insect.M.distribution160t1.3_PA1_RUN2,107.4503,23.1467,4001.98288868873,-10252.1841615394,-207.282086702276
insect.M.distribution160t1.3_PA1_RUN2,74.925,38.6494,1514.3832365583,-686.564708778797,591.06241079118
