Predictor variable,Categorical,Sample average
PC1,false,3656.459544776718
PC2,false,-1572.7161877588885
PC3,false,-323.20018465853707
