Predictor variable,Categorical,Sample average
PC1,false,991.0624052201752
PC2,false,223.27521925403695
PC3,false,-432.50008277980976
