X,Y,Test or train,Raw prediction,Cumulative prediction,Logistic prediction
54.0519,58.7264,train,0.017795318653441205,68.20003416934746,0.5153304657242547
0.7017,37.6501,train,0.017224226082774168,57.285251144037126,0.5071801439107934
2.4041,-43.349,train,0.017199781398331088,55.43443259084078,0.506825160651693
0.8588,38.3662,train,0.017224226082774168,57.285251144037126,0.5071801439107934
85.465,58.0811,train,0.015888995020943295,22.417324512601354,0.48701102223548126
