Predictor variable,Categorical,Sample average
PC1,false,3633.351866455116
PC2,false,-2823.517882219524
PC3,false,-539.2909586368964
