Predictor variable,Categorical,Sample average
PC1,false,910.6495763412514
PC2,false,1205.7567145219755
PC3,false,688.4712459474381
