X,Y,Test or train,Raw prediction,Cumulative prediction,Logistic prediction
-47.525,35.0639,train,0.017629358337850783,96.99025754091979,0.513958625218266
