Predictor variable,Categorical,Sample average
PC1,false,8418.465190126173
PC2,false,-1812.4190208872355
PC3,false,-458.1683355273392
