Predictor variable,Categorical,Sample average
PC1,false,-922.7763817472002
PC2,false,-1582.992871683395
PC3,false,-60.050791891173404
