species,X,Y,PC1,PC2,PC3
insect.M.distribution80t1.1_PA2_RUN2,-47.525,35.0639,-9963.83976288682,2602.49536755467,2817.54616353767
