Predictor variable,Categorical,Sample average
PC1,false,-2785.546223781947
PC2,false,479.11736888163347
PC3,false,-133.03380382782544
