Predictor variable,Categorical,Sample average
PC1,false,-1202.969131848264
PC2,false,-1495.7473738631058
PC3,false,-78.70390493986221
