Predictor variable,Categorical,Sample average
PC1,false,3480.076887309688
PC2,false,-901.9650242456709
PC3,false,1010.9022784251662
