X,Y,Test or train,Raw prediction,Cumulative prediction,Logistic prediction
-54.1515,36.6608,train,0.026500802401354422,70.73311298385563,0.5847778612928864
-168.9006,-56.5336,train,0.024973099573590903,65.73114093701439,0.5702920035203052
1.2062,33.6762,train,0.016452158595905052,32.78978252499727,0.46647539320969655
