Predictor variable,Categorical,Sample average
PC1,false,10012.908111900071
PC2,false,6589.185950269782
PC3,false,-65.67559152359581
