Predictor variable,Categorical,Sample average
PC1,false,1933.6022391857869
PC2,false,2403.757649940056
PC3,false,238.328735616093
