X,Y,Test or train,Raw prediction,Cumulative prediction,Logistic prediction
-16.8466,26.3714,train,0.02271754274270912,44.63285246660878,0.48860224099306065
119.9502,35.456,train,0.0279530788365308,68.98304818232542,0.5403597440540694
86.7886,54.2751,train,0.036146215183301876,77.93700471785532,0.6032046517076652
5.6479,39.2556,train,0.02293741507948779,45.11574238874901,0.4910092327190924
5.5091,38.0668,train,0.022935798769868468,45.11219182235431,0.4909916212869557
5.4893,38.0506,train,0.022935798769868468,45.11219182235431,0.4909916212869557
5.4932,38.0514,train,0.022935798769868468,45.11219182235431,0.4909916212869557
88.8679,53.214,train,0.036101597825627656,77.92134705495255,0.6029089895413282
5.5152,38.0576,train,0.022935798769868468,45.11219182235431,0.4909916212869557
