Predictor variable,Categorical,Sample average
PC1,false,1441.2320150089822
PC2,false,-1339.563315673011
PC3,false,-400.47688094676835
