Predictor variable,Categorical,Sample average
PC1,false,1855.535563193808
PC2,false,96.71638666148002
PC3,false,1230.750986041369
