X,Y,Test or train,Raw prediction,Cumulative prediction,Logistic prediction
19.9887,13.6431,train,0.017169842999132375,65.10858442093325,0.5002995224796902
33.0864,30.6038,train,0.021335076677182575,81.98452031527658,0.5543830308221604
31.8405,45.1568,train,0.015094717739175072,29.46010351514597,0.46814032952063384
19.8725,13.7334,train,0.017169842999132375,65.10858442093325,0.5002995224796902
46.9672,40.9197,train,0.023073883758250896,87.26410319250932,0.5736466040034034
