Predictor variable,Categorical,Sample average
PC1,false,151.06042133494535
PC2,false,2277.6815306500234
PC3,false,-186.5183368471608
