Predictor variable,Categorical,Sample average
PC1,false,1765.3662198953884
PC2,false,998.8627008340819
PC3,false,1010.4542761706339
