X,Y,Test or train,Raw prediction,Cumulative prediction,Logistic prediction
102.1091,51.5068,train,0.07390036595834996,46.6214597424904,0.4999995490979615
94.4457,45.9801,train,0.24455302142347166,70.64434819284546,0.7679394497179131
