Predictor variable,Categorical,Sample average
PC1,false,4462.470159231039
PC2,false,-2575.8858583736724
PC3,false,-445.8402814997093
