Predictor variable,Categorical,Sample average
PC1,false,11474.554082708592
PC2,false,-954.2033049906968
PC3,false,201.0341054257986
