Raw value,Corresponding cumulative value,Corresponding Logistic value,Fractional area,Training omission,Test omission
1.68513E-3,0.168513061,0.001944457,0.05,0.411764706,0
2.94118E-2,3.109689532,0.032885831,0.033333333,0.411764706,0
9.68903E-1,100,0.528343385,0.016666667,0.411764706,0
1E0,100,0.536207977,0,0.411764706,0
