Predictor variable,Categorical,Sample average
PC1,false,5124.742866220904
PC2,false,-3537.8645663516945
PC3,false,501.22475797841867
