Predictor variable,Categorical,Sample average
PC1,false,2261.0931980880555
PC2,false,-542.6746437740795
PC3,false,-282.10434226752324
