Predictor variable,Categorical,Sample average
PC1,false,283.9995607993792
PC2,false,1144.9191132415606
PC3,false,44.24788902519227
