X,Y,Test or train,Raw prediction,Cumulative prediction,Logistic prediction
-8.8925,-67.8316,train,0.039459261001783416,54.320951446164635,0.5715996667447127
-7.7689,-68.1295,train,0.04917192078230437,74.07245938950618,0.6244394643654866
20.186,5.5223,train,0.03227978207930102,41.02370704155997,0.5218742951812456
-18.7637,-51.8269,train,0.05311576504500879,85.18671114657337,0.6423516724059455
-37.9346,-51.1023,train,0.0724359221185452,91.08172953369451,0.7100885835709777
