Predictor variable,Categorical,Sample average
PC1,false,5154.915631722698
PC2,false,-1507.539330802542
PC3,false,-1565.345932735216
