Predictor variable,Categorical,Sample average
PC1,false,496.286365567286
PC2,false,-337.30199775231324
PC3,false,-508.6282872880307
