Predictor variable,Categorical,Sample average
PC1,false,-1471.4911128730985
PC2,false,-220.83242279162346
PC3,false,718.1141142621569
