X,Y,Test or train,Raw prediction,Cumulative prediction,Logistic prediction
-41.8379,-40.0989,train,0.017197710385431348,54.71097663524053,0.5066216140719524
1.5784,34.3551,train,0.016858499608773198,46.75662316518008,0.5016416702211264
97.9985,49.3755,train,0.01666025763818668,38.81272593236893,0.49868446507061276
