Predictor variable,Categorical,Sample average
PC1,false,3345.530864718943
PC2,false,-4625.392093338413
PC3,false,-140.24324193975895
