species,X,Y,PC1,PC2,PC3
insect.M.distribution100t1.1_PA1_RUN2,-41.8379,-40.0989,8768.59722964418,-3386.45716770456,-360.074884518718
insect.M.distribution100t1.1_PA1_RUN2,1.5784,34.3551,3146.07230525582,4100.40718728182,-105.814654719255
insect.M.distribution100t1.1_PA1_RUN2,97.9985,49.3755,-1878.07694074317,-14590.1262995925,45.1598134186962
