Predictor variable,Categorical,Sample average
PC1,false,-2820.663622799708
PC2,false,258.93120589540194
PC3,false,-325.28214405784195
