Predictor variable,Categorical,Sample average
PC1,false,-2943.800446393921
PC2,false,-905.9812010639315
PC3,false,116.85666943832379
