Predictor variable,Categorical,Sample average
PC1,false,-2542.0281844806555
PC2,false,246.8249382255361
PC3,false,-61.199289730714234
