Raw value,Corresponding cumulative value,Corresponding Logistic value,Fractional area,Training omission,Test omission
3.15708E-10,0.000000032,0,0.083333333,0.583333333,0
1.51243E-8,0.000001544,0.000000015,0.066666667,0.583333333,0
3.27495E-8,0.000004819,0.000000033,0.05,0.583333333,0
6.13008E-8,0.000010949,0.000000061,0.033333333,0.583333333,0
1E0,100,0.500000465,0.016666667,0.583333333,0
1E0,100,0.500000493,0,0.583333333,0
