Predictor variable,Categorical,Sample average
PC1,false,-116.0556371974072
PC2,false,1508.6812529735014
PC3,false,-242.1268779567703
