Predictor variable,Categorical,Sample average
PC1,false,4245.863659435299
PC2,false,-3034.634385582702
PC3,false,-915.2763686788104
