Predictor variable,Categorical,Sample average
PC1,false,-1092.564091651336
PC2,false,-1332.9795825348294
PC3,false,-131.9922751692514
