X,Y,Test or train,Raw prediction,Cumulative prediction,Logistic prediction
31.9863,-31.4955,train,0.01688197651689859,36.16749243146037,0.5012941273706922
75.5176,40.162,train,0.01679481240828842,32.610955278365395,0.5000000000000008
