Predictor variable,Categorical,Sample average
PC1,false,307.28375720794645
PC2,false,1828.7157580852493
PC3,false,-89.82423701096879
