X,Y,Test or train,Raw prediction,Cumulative prediction,Logistic prediction
-16.8466,26.3714,train,0.017529039395933373,59.3201238607225,0.5019943030213098
119.9502,35.456,train,0.018040578154702693,66.80971502557314,0.5091844461188846
5.6479,39.2556,train,0.017176633768266187,48.75871854247992,0.49691711733117644
-16.8387,26.3694,train,0.017529039395933373,59.3201238607225,0.5019943030213098
