Predictor variable,Categorical,Sample average
PC1,false,1942.308990841132
PC2,false,470.09376287913744
PC3,false,-356.1055624773955
