Predictor variable,Categorical,Sample average
PC1,false,2878.637856918212
PC2,false,-943.7881151482036
PC3,false,-276.45336995596006
