Predictor variable,Categorical,Sample average
PC1,false,567.4008152453144
PC2,false,-2603.611691591392
PC3,false,1401.4543128268244
