Predictor variable,Categorical,Sample average
PC1,false,8582.45499016926
PC2,false,3905.1479274036815
PC3,false,-15.367576453700849
