X,Y,Test or train,Raw prediction,Cumulative prediction,Logistic prediction
20.1294,3.9057,train,0.0301107129514672,48.184478138277186,0.5122928292302
32.3254,9.3393,train,0.04170913195793004,79.40079402304491,0.5926715015866245
10.0454,41.646,train,0.05460589662716957,85.31488487013542,0.6557569076626167
