Predictor variable,Categorical,Sample average
PC1,false,12264.599380759799
PC2,false,-2228.152022871519
PC3,false,320.7888895957083
