Predictor variable,Categorical,Sample average
PC1,false,10837.358640101875
PC2,false,568.7332199971075
PC3,false,71.13636570365837
