Predictor variable,Categorical,Sample average
PC1,false,3505.5890100346164
PC2,false,-3186.287848732294
PC3,false,-789.0609603015122
