X,Y,Test or train,Raw prediction,Cumulative prediction,Logistic prediction
-8.8925,-67.8316,train,0.02899237785679852,64.69305001519186,0.560749123306625
17.5665,16.2724,train,0.017701718286972028,36.83967282971096,0.4380282039785064
60.181,36.5001,train,0.04121616681261217,76.6369191242211,0.6447407519423267
-7.7689,-68.1295,train,0.03926330820947984,75.66707528205579,0.6335461777877701
-37.9346,-51.1023,train,0.03238303604205608,66.72075969590408,0.5877822024623808
