species,X,Y,PC1,PC2,PC3
insect.M.distribution240t1.1_PA1_RUN2,-8.8925,-67.8316,1525.00085457022,-2581.31157556775,-1660.46251966807
insect.M.distribution240t1.1_PA1_RUN2,17.5665,16.2724,4205.80413786475,-1417.80625368528,633.448547942829
insect.M.distribution240t1.1_PA1_RUN2,60.181,36.5001,2543.1290027618,-5929.61782932607,357.57129075465
insect.M.distribution240t1.1_PA1_RUN2,-7.7689,-68.1295,1401.60390593926,-4205.85507894302,-1633.85852117118
insect.M.distribution240t1.1_PA1_RUN2,-37.9346,-51.1023,7852.40714903705,-1796.84850613935,-1642.00359936579
