Predictor variable,Categorical,Sample average
PC1,false,-3664.125037060309
PC2,false,122.08814691837459
PC3,false,40.09799195503742
