Raw value,Corresponding cumulative value,Corresponding Logistic value,Fractional area,Training omission,Test omission
1.42608E-1,14.260771438,0.176827874,0.033333333,0.291666667,0
8.57392E-1,100,0.563605878,0.016666667,0.291666667,0
1E0,100,0.601008544,0,0.291666667,0
