Predictor variable,Categorical,Sample average
PC1,false,11321.902915811766
PC2,false,-1086.9601947453568
PC3,false,232.6725987195378
