Predictor variable,Categorical,Sample average
PC1,false,2222.600956828181
PC2,false,1009.9403950453762
PC3,false,-172.19766264673734
