Predictor variable,Categorical,Sample average
PC1,false,2340.96847314086
PC2,false,-648.0331201452937
PC3,false,-200.4070307356098
