Predictor variable,Categorical,Sample average
PC1,false,-2253.3837411189206
PC2,false,1052.54053687549
PC3,false,1091.402235722189
