X,Y,Test or train,Raw prediction,Cumulative prediction,Logistic prediction
15.5624,35.4876,train,0.02177771883703051,88.55743690849562,0.5610075721028092
8.3977,34.0762,train,0.024290035167270067,93.84893169725243,0.5876916839469528
-32.0802,-45.4725,train,0.014664591795529813,28.75097784550711,0.4625206166691754
102.3723,-58.511,train,0.015553941450905696,44.20160891308339,0.47718558771426844
10.7859,32.6553,train,0.01977760187886287,86.74770084212942,0.5371600901390499
91.6036,28.9099,train,0.01692412356249181,61.1209478671727,0.4982762310707359
