Predictor variable,Categorical,Sample average
PC1,false,2574.190299622399
PC2,false,-2792.1540992250702
PC3,false,766.1258547238451
