Predictor variable,Categorical,Sample average
PC1,false,10380.962408220701
PC2,false,2693.938916228145
PC3,false,-772.1129603928905
