X,Y,Test or train,Raw prediction,Cumulative prediction,Logistic prediction
7.9496,42.4842,train,0.08040001653980373,50.73071176382034,0.520293725798184
7.764,42.0,train,0.08786378668245286,53.23422731099664,0.5423961726595028
