Predictor variable,Categorical,Sample average
PC1,false,-1043.2833280954715
PC2,false,302.5003993905602
PC3,false,368.7088550153736
