X,Y,Test or train,Raw prediction,Cumulative prediction,Logistic prediction
-47.525,35.0639,train,0.06000092514008165,71.18208101939365,0.5633283030655752
-149.36,-59.8952,train,0.06947979036358709,73.3841543873261,0.5990136227658864
