X,Y,Test or train,Raw prediction,Cumulative prediction,Logistic prediction
32.114,9.2479,train,0.02518602899093844,56.803371194447315,0.5155606396002976
7.9127,30.9913,train,0.022486273489061084,28.427459410923767,0.48722235391868096
10.0454,41.646,train,0.03149180038557876,79.23320894137879,0.5709432041226036
