Predictor variable,Categorical,Sample average
PC1,false,2961.2907606125705
PC2,false,-2212.4075517330953
PC3,false,-331.5742576125066
