Predictor variable,Categorical,Sample average
PC1,false,-1942.8486414715128
PC2,false,274.552727982335
PC3,false,484.566045540949
