X,Y,Test or train,Raw prediction,Cumulative prediction,Logistic prediction
-32.0802,-45.4725,train,0.015912381154112504,23.389684802937296,0.48757799245668293
102.3723,-58.511,train,0.016601547711649737,66.208032840864,0.49817505176748
10.7859,32.6553,train,0.01765956828379372,83.9424009251488,0.5136171310899492
10.7666,32.6534,train,0.01765956828379372,83.9424009251488,0.5136171310899492
29.5466,40.7095,train,0.01798898237434706,86.65345913943786,0.5182328439035154
102.2257,-58.5488,train,0.016601547711649737,66.208032840864,0.49817505176748
