species,X,Y,PC1,PC2,PC3
insect.M.distribution220t3.3_PA1_RUN2,-32.0802,-45.4725,3706.73459193511,-6153.41473417207,-913.968094557036
insect.M.distribution220t3.3_PA1_RUN2,-32.0802,-45.4725,3706.73459193511,-6153.41473417207,-913.968094557036
insect.M.distribution220t3.3_PA1_RUN2,102.3723,-58.511,250.424086740167,1339.24112898762,-1186.62840617151
insect.M.distribution220t3.3_PA1_RUN2,10.7859,32.6553,-4786.01602595491,1126.3785097993,1311.74452767604
insect.M.distribution220t3.3_PA1_RUN2,10.7666,32.6534,-4786.01602595491,1126.3785097993,1311.74452767604
insect.M.distribution220t3.3_PA1_RUN2,29.5466,40.7095,-6292.6425623347,2869.49182449224,3571.13212479367
insect.M.distribution220t3.3_PA1_RUN2,102.2257,-58.5488,250.424086740167,1339.24112898762,-1186.62840617151
