Predictor variable,Categorical,Sample average
PC1,false,4024.353257858599
PC2,false,1185.9349965571669
PC3,false,-140.41193910544308
