Predictor variable,Categorical,Sample average
PC1,false,3024.5530397161124
PC2,false,-811.9925606484998
PC3,false,-284.90847491748065
