X,Y,Test or train,Raw prediction,Cumulative prediction,Logistic prediction
19.1228,40.1953,train,0.0385551790923083,37.65000884360058,0.4999999985453029
7.764,42.0,train,0.046991398661821095,54.01219482813753,0.5493077545854095
