Predictor variable,Categorical,Sample average
PC1,false,8455.409758664639
PC2,false,-1613.1155396506483
PC3,false,-429.9754094350544
