Predictor variable,Categorical,Sample average
PC1,false,11294.595846387541
PC2,false,-946.8602347986962
PC3,false,309.8959426255369
