X,Y,Test or train,Raw prediction,Cumulative prediction,Logistic prediction
-47.525,35.0639,train,0.14685661636987418,70.91228853527998,0.6803270745124986
-149.36,-59.8952,train,0.12197643645130368,61.20188624412105,0.6386815981467866
