Predictor variable,Categorical,Sample average
PC1,false,2557.61546660231
PC2,false,2329.598670164286
PC3,false,-305.11549315932683
