Predictor variable,Categorical,Sample average
PC1,false,-683.6338043365079
PC2,false,1149.432608483626
PC3,false,33.35851209195489
