Predictor variable,Categorical,Sample average
PC1,false,242.62581415484485
PC2,false,-431.0544278911776
PC3,false,50.53292497252851
