Predictor variable,Categorical,Sample average
PC1,false,-1895.2652090975996
PC2,false,-179.59262260353466
PC3,false,767.8146798420648
