Predictor variable,Categorical,Sample average
PC1,false,5904.362588652357
PC2,false,-3395.368344709548
PC3,false,602.3154709751499
