X,Y,Test or train,Raw prediction,Cumulative prediction,Logistic prediction
-8.8925,-67.8316,train,0.04224102952737626,54.87539560148731,0.5438030598853736
60.181,36.5001,train,0.06371634437285006,66.98759506499793,0.6426102920225724
-18.7637,-51.8269,train,0.05192974193408084,61.98038821697552,0.594394501090347
-5.9533,-68.7697,train,0.10546192173221615,86.58611439119642,0.748498547884344
-37.9346,-51.1023,train,0.046737563862240754,58.993534106379535,0.568766126397951
