Predictor variable,Categorical,Sample average
PC1,false,3859.0436001600274
PC2,false,-3673.3238950372224
PC3,false,-1210.809433169316
