species,X,Y,PC1,PC2,PC3
insect.M.distribution240t1.2_PA2_RUN2,-8.8925,-67.8316,1525.00085457022,-2581.31157556775,-1660.46251966807
insect.M.distribution240t1.2_PA2_RUN2,60.181,36.5001,2543.1290027618,-5929.61782932607,357.57129075465
insect.M.distribution240t1.2_PA2_RUN2,-18.7637,-51.8269,6911.63790224668,-2801.78825276737,-1182.19620820936
insect.M.distribution240t1.2_PA2_RUN2,-5.9533,-68.7697,463.043092184387,-5257.05331138557,-1926.95612935801
insect.M.distribution240t1.2_PA2_RUN2,-37.9346,-51.1023,7852.40714903705,-1796.84850613935,-1642.00359936579
