Predictor variable,Categorical,Sample average
PC1,false,-3892.019406245241
PC2,false,54.793904525535375
PC3,false,207.4706996597618
