X,Y,Test or train,Raw prediction,Cumulative prediction,Logistic prediction
1.3308,35.7007,train,0.0209644327038131,91.8853382515942,0.5480437038992474
-40.8758,36.1436,train,0.01580945095354144,29.67976722522466,0.47765243677936203
0.71,35.9525,train,0.020963083052212315,91.85658041322503,0.5480277573941542
