Predictor variable,Categorical,Sample average
PC1,false,-1630.36089909935
PC2,false,1922.061807030065
PC3,false,1519.067492945448
