X,Y,Test or train,Raw prediction,Cumulative prediction,Logistic prediction
20.1294,3.9057,train,0.028751967112321784,64.59720530414141,0.5638639887596157
32.114,9.2479,train,0.02305328530268946,44.70114511894432,0.5089892870620153
10.0454,41.646,train,0.02751513294127264,54.06605849943122,0.5530221159821611
32.495,9.4316,train,0.023053162380885638,44.70091161206835,0.5089879544709788
102.8431,49.1864,train,0.016223980198153166,16.23224088222407,0.4218077318641895
32.3254,9.3393,train,0.02305328530268946,44.70114511894432,0.5089892870620153
9.9871,41.6435,train,0.02751513294127264,54.06605849943122,0.5530221159821611
31.954,8.993,train,0.02305328530268946,44.70114511894432,0.5089892870620153
