Predictor variable,Categorical,Sample average
PC1,false,11291.767224254905
PC2,false,-880.142539469421
PC3,false,330.12851362436936
