Predictor variable,Categorical,Sample average
PC1,false,5677.862648526067
PC2,false,-5803.976933577594
PC3,false,171.28482732671262
