Predictor variable,Categorical,Sample average
PC1,false,8393.281454052529
PC2,false,-1775.5031230493971
PC3,false,-448.3015251729952
