Predictor variable,Categorical,Sample average
PC1,false,6481.332743727576
PC2,false,4021.51460356297
PC3,false,258.4082800967413
