Predictor variable,Categorical,Sample average
PC1,false,3088.595312628795
PC2,false,-1335.5577746698043
PC3,false,201.58440959163713
