X,Y,Test or train,Raw prediction,Cumulative prediction,Logistic prediction
22.6086,33.5613,train,0.023558199106002778,96.03926249887444,0.5757668828508764
85.0809,16.9308,train,0.022189000304379872,87.96231267227277,0.5610790607528285
73.4066,39.989,train,0.014753117389726636,21.532653870793325,0.4594393858489423
18.8008,40.9082,train,0.01979669313059308,62.327353009781405,0.5328179369241772
