Predictor variable,Categorical,Sample average
PC1,false,18.263649214360807
PC2,false,2271.860593886125
PC3,false,-335.12273724782176
