Predictor variable,Categorical,Sample average
PC1,false,850.1365029454572
PC2,false,722.8817098742542
PC3,false,-154.06701731656688
