Predictor variable,Categorical,Sample average
PC1,false,4090.453625049118
PC2,false,-2022.1170424522718
PC3,false,-772.4584523334634
