Predictor variable,Categorical,Sample average
PC1,false,113.9757321312273
PC2,false,536.8958268249946
PC3,false,63.27093261989775
