Predictor variable,Categorical,Sample average
PC1,false,-3977.672303820068
PC2,false,617.22945539849
PC3,false,1643.9682690438028
