X,Y,Test or train,Raw prediction,Cumulative prediction,Logistic prediction
15.5624,35.4876,train,0.045784989224699216,84.41182104353219,0.6578933392151105
8.3977,34.0762,train,0.061867753682217475,86.61252307805738,0.7221121949589442
-32.0802,-45.4725,train,0.009620946898477955,17.946085271732652,0.2877999247456227
10.7859,32.6553,train,0.03731167118154689,74.42699312326322,0.6104656902468794
10.7666,32.6534,train,0.03731167118154689,74.42699312326322,0.6104656902468794
