Predictor variable,Categorical,Sample average
PC1,false,3846.7168337775975
PC2,false,-7701.654400355114
PC3,false,647.016044878295
