Predictor variable,Categorical,Sample average
PC1,false,702.0370072489399
PC2,false,700.5908928104824
PC3,false,-371.18667978364147
