Predictor variable,Categorical,Sample average
PC1,false,-38.83964076382279
PC2,false,-1574.2183153814537
PC3,false,40.51402843787283
