Predictor variable,Categorical,Sample average
PC1,false,3608.1935260381965
PC2,false,-572.9609765202543
PC3,false,-261.4652644171244
