Predictor variable,Categorical,Sample average
PC1,false,618.2152864548369
PC2,false,1274.241608732234
PC3,false,-108.74828444302878
