Predictor variable,Categorical,Sample average
PC1,false,-347.5746403263409
PC2,false,-406.8952310435643
PC3,false,286.5363741347029
