Predictor variable,Categorical,Sample average
PC1,false,-4678.086427392677
PC2,false,-412.2850699771699
PC3,false,193.67456642391716
