Predictor variable,Categorical,Sample average
PC1,false,7600.054951797152
PC2,false,-2710.1003537362526
PC3,false,-271.4627948074154
