X,Y,Test or train,Raw prediction,Cumulative prediction,Logistic prediction
-54.1515,36.6608,train,0.029235339162133053,79.24175089210459,0.6009463168862522
-168.9006,-56.5336,train,0.027308756072411164,73.20609247851563,0.5844914154124391
1.2062,33.6762,train,0.01636142133400116,27.522139017045433,0.45734335411248983
