Predictor variable,Categorical,Sample average
PC1,false,963.3681532722966
PC2,false,2387.755653102354
PC3,false,339.67156451692153
