X,Y,Test or train,Raw prediction,Cumulative prediction,Logistic prediction
15.5624,35.4876,train,0.026774626266957403,82.38910288782706,0.5917896846041737
8.3977,34.0762,train,0.03359111461108767,86.83184711634289,0.6452388281440676
-32.0802,-45.4725,train,0.012118753869165139,19.95590831788835,0.396198127607874
102.3723,-58.511,train,0.013372372694698008,32.81386030488159,0.41997036939917776
10.7859,32.6553,train,0.021836520393115524,71.13734261856689,0.541776859452854
10.7666,32.6534,train,0.021836520393115524,71.13734261856689,0.541776859452854
29.5466,40.7095,train,0.030309096352624906,84.57850286666189,0.6213687684023216
