Predictor variable,Categorical,Sample average
PC1,false,-3704.3685706706965
PC2,false,1042.12574721033
PC3,false,1514.9064376915962
