Predictor variable,Categorical,Sample average
PC1,false,-3154.8204273385754
PC2,false,117.44062717333435
PC3,false,20.72948206687878
