Predictor variable,Categorical,Sample average
PC1,false,8094.253235765087
PC2,false,-2462.685938978257
PC3,false,-402.28201956222256
