Predictor variable,Categorical,Sample average
PC1,false,-3191.4086344970833
PC2,false,-1343.9157800797245
PC3,false,36.959983597469304
