Predictor variable,Categorical,Sample average
PC1,false,8538.649246973162
PC2,false,-1459.2573981892017
PC3,false,-491.67864168432254
