Predictor variable,Categorical,Sample average
PC1,false,880.8650606776345
PC2,false,911.3737450681908
PC3,false,-79.00300844853734
