Predictor variable,Categorical,Sample average
PC1,false,7922.119523961205
PC2,false,-2232.3736468907678
PC3,false,-405.2612833826626
