Predictor variable,Categorical,Sample average
PC1,false,3284.8958189747827
PC2,false,41.39580413585151
PC3,false,-109.34162219540643
