X,Y,Test or train,Raw prediction,Cumulative prediction,Logistic prediction
-41.8379,-40.0989,train,0.017088322071911508,53.90831138714487,0.5054473852909585
1.5784,34.3551,train,0.01677346987343058,50.938783555437276,0.5007983885447651
2.0269,34.1346,train,0.016773451361605518,50.93862103618645,0.50079811263602
97.9985,49.3755,train,0.016589269008132717,42.169864829163096,0.49803779355539096
1.5775,34.355,train,0.01677346987343058,50.938783555437276,0.5007983885447651
13.7631,39.1461,train,0.016677339896026138,46.34161670782402,0.49936149995994283
1.2426,34.3996,train,0.01677346987343058,50.938783555437276,0.5007983885447651
