species,X,Y,PC1,PC2,PC3
insect.M.distribution100t3.2_PA1_RUN1,-41.8379,-40.0989,8768.59722964418,-3386.45716770456,-360.074884518718
insect.M.distribution100t3.2_PA1_RUN1,1.5784,34.3551,3146.07230525582,4100.40718728182,-105.814654719255
insect.M.distribution100t3.2_PA1_RUN1,2.0269,34.1346,3146.07643442166,4100.42311088165,-105.799565537346
insect.M.distribution100t3.2_PA1_RUN1,97.9985,49.3755,-1878.07694074317,-14590.1262995925,45.1598134186962
insect.M.distribution100t3.2_PA1_RUN1,1.5775,34.355,3146.07230525582,4100.40718728182,-105.814654719255
insect.M.distribution100t3.2_PA1_RUN1,13.7631,39.1461,3519.45709373335,1864.70942352091,-27.2327545727121
insect.M.distribution100t3.2_PA1_RUN1,1.2426,34.3996,3146.07230525582,4100.40718728182,-105.814654719255
insect.M.distribution100t3.2_PA1_RUN1,1.5784,34.3551,3146.07230525582,4100.40718728182,-105.814654719255
