X,Y,Test or train,Raw prediction,Cumulative prediction,Logistic prediction
123.8358,-60.614,train,0.016131972176644853,10.72316880957628,0.49168266953010364
102.1091,51.5068,train,0.016882884322109944,40.33852901761699,0.5030561627873704
-7.1932,-7.377,train,0.017022775645964244,82.62329348360177,0.5051189831232247
17.398,41.9086,train,0.016974466286106774,68.99226325367232,0.5044085578613712
-7.1929,-7.392,train,0.017022775645964244,82.62329348360177,0.5051189831232247
12.1923,17.0014,train,0.01690064365905363,41.95902751256152,0.5033189922999471
