Predictor variable,Categorical,Sample average
PC1,false,5761.005167381063
PC2,false,2111.5888563198973
PC3,false,433.7780024353793
