species,X,Y,PC1,PC2,PC3
insect.M.distribution120t3.1_PA2_RUN1,123.8358,-60.614,-18276.7028820054,490.300873640484,3674.97071214332
insect.M.distribution120t3.1_PA2_RUN1,102.1091,51.5068,7923.60015201571,8952.05788871203,-171.805452174001
insect.M.distribution120t3.1_PA2_RUN1,-7.1932,-7.377,12675.5597025595,4543.06567586974,-584.610080976135
insect.M.distribution120t3.1_PA2_RUN1,17.398,41.9086,11038.9708743698,-2714.69328705774,-510.864238802757
insect.M.distribution120t3.1_PA2_RUN1,-7.1929,-7.392,12675.5597025595,4543.06567586974,-584.610080976135
insect.M.distribution120t3.1_PA2_RUN1,102.1091,51.5068,7923.60015201571,8952.05788871203,-171.805452174001
insect.M.distribution120t3.1_PA2_RUN1,12.1923,17.0014,8529.04345478727,-3144.26368911487,779.587155397984
