Predictor variable,Categorical,Sample average
PC1,false,1408.2873056144647
PC2,false,2300.025824128416
PC3,false,127.27628065091842
