species,X,Y,PC1,PC2,PC3
insect.M.distribution100t3.2_PA2_RUN2,-41.8379,-40.0989,8768.59722964418,-3386.45716770456,-360.074884518718
insect.M.distribution100t3.2_PA2_RUN2,73.5722,59.7387,-17234.803983665,1170.85408779692,1882.08364814858
insect.M.distribution100t3.2_PA2_RUN2,2.0269,34.1346,3146.07643442166,4100.42311088165,-105.799565537346
insect.M.distribution100t3.2_PA2_RUN2,2.0269,34.1346,3146.07643442166,4100.42311088165,-105.799565537346
insect.M.distribution100t3.2_PA2_RUN2,13.7631,39.1461,3519.45709373335,1864.70942352091,-27.2327545727121
insect.M.distribution100t3.2_PA2_RUN2,-1.5998,31.6146,5366.53975465542,4149.83693984035,-286.413169524865
insect.M.distribution100t3.2_PA2_RUN2,1.2426,34.3996,3146.07230525582,4100.40718728182,-105.814654719255
insect.M.distribution100t3.2_PA2_RUN2,1.5784,34.3551,3146.07230525582,4100.40718728182,-105.814654719255
