Predictor variable,Categorical,Sample average
PC1,false,3165.895242810909
PC2,false,-983.4557525375365
PC3,false,-380.0522296219014
