Predictor variable,Categorical,Sample average
PC1,false,11563.748139715408
PC2,false,-546.7677519779411
PC3,false,80.67059453571643
