Predictor variable,Categorical,Sample average
PC1,false,3586.2811634366167
PC2,false,-2977.4973757930675
PC3,false,-587.8509984010637
