Predictor variable,Categorical,Sample average
PC1,false,-2773.0304162936973
PC2,false,-105.97685936559164
PC3,false,-167.287383050619
