Predictor variable,Categorical,Sample average
PC1,false,4685.99240491171
PC2,false,-6584.157399031895
PC3,false,727.9950223456958
