X,Y,Test or train,Raw prediction,Cumulative prediction,Logistic prediction
-47.525,35.0639,train,0.14886736959264305,76.47047707409104,0.688791466542382
-149.36,-59.8952,train,0.11873348353906153,62.660550597976865,0.6383710302772306
