Predictor variable,Categorical,Sample average
PC1,false,3001.5675591011263
PC2,false,-2113.134490258383
PC3,false,-257.30930641807805
