Predictor variable,Categorical,Sample average
PC1,false,4098.330816560299
PC2,false,-2136.056693971387
PC3,false,-536.2417451326843
