Predictor variable,Categorical,Sample average
PC1,false,11340.920910511959
PC2,false,-2113.746274096529
PC3,false,659.1927437264675
