X,Y,Test or train,Raw prediction,Cumulative prediction,Logistic prediction
1.3308,35.7007,train,0.06525016405200168,34.19717773285651,0.5191762192979621
0.5533,36.0223,train,0.06501887428478506,33.657479153578045,0.5182897258872267
0.71,35.9525,train,0.06504618564521564,33.72117432069393,0.5183945757477899
