X,Y,Test or train,Raw prediction,Cumulative prediction,Logistic prediction
-0.5956,-59.9183,train,0.28724517604325606,100.0,0.9097022386583549
64.1849,55.1534,train,0.07946720709722514,82.39838294790287,0.7359479184854478
-18.0572,5.0463,train,0.07372383178913634,79.38484928667481,0.7211141026928868
89.7819,22.4683,train,0.00436413851577855,1.4712360579542993,0.1327441260403083
-19.7049,4.0879,train,0.15199889093889163,100.0,0.8420474597335208
