Predictor variable,Categorical,Sample average
PC1,false,4337.271997572796
PC2,false,-5135.3605923159785
PC3,false,421.42111053316773
