species,X,Y,PC1,PC2,PC3
insect.M.distribution230t1.1_PA1_RUN1,-0.5956,-59.9183,5818.31819314949,-10121.1122473304,998.109955587967
insect.M.distribution230t1.1_PA1_RUN1,64.1849,55.1534,-527.905377396918,-7414.54698700279,2159.82484340582
insect.M.distribution230t1.1_PA1_RUN1,-18.0572,5.0463,6626.31471984388,-4758.00763410266,-347.555333486952
insect.M.distribution230t1.1_PA1_RUN1,89.7819,22.4683,3163.66762655992,3892.67217205726,-928.746782554539
insect.M.distribution230t1.1_PA1_RUN1,-19.7049,4.0879,6605.96482570761,-7275.8082652013,225.472869713543
