Raw value,Corresponding cumulative value,Corresponding Logistic value,Fractional area,Training omission,Test omission
4.13581E-11,0.000000004,0,0.066666667,0.243243243,0
2.55839E-2,2.558392305,0.040383255,0.05,0.243243243,0
1.27799E-1,15.338245826,0.173700057,0.033333333,0.243243243,0
8.46618E-1,100,0.582043089,0.016666667,0.243243243,0
1E0,100,0.621912173,0,0.243243243,0
