Predictor variable,Categorical,Sample average
PC1,false,1083.8306198748166
PC2,false,1354.0560721287754
PC3,false,-127.85845534663245
