Predictor variable,Categorical,Sample average
PC1,false,3548.7647705350787
PC2,false,367.8425921814859
PC3,false,-146.36739575999968
