X,Y,Test or train,Raw prediction,Cumulative prediction,Logistic prediction
-41.8379,-40.0989,train,0.02241775075186914,75.10923956085249,0.5571979918142711
2.0269,34.1346,train,0.018306742546062578,36.61342717814401,0.5068031425331939
97.9985,49.3755,train,0.015346489324876188,18.96345635174809,0.46277688405167033
1.5775,34.355,train,0.01830675684370362,36.61352983803447,0.5068033377479954
-1.5998,31.6146,train,0.019928592207986016,55.452757243996146,0.5279957656355649
1.3749,34.1702,train,0.01830675684370362,36.61352983803447,0.5068033377479954
1.5784,34.3551,train,0.01830675684370362,36.61352983803447,0.5068033377479954
