species,X,Y,PC1,PC2,PC3
insect.M.distribution100t3.1_PA2_RUN2,-41.8379,-40.0989,8768.59722964418,-3386.45716770456,-360.074884518718
insect.M.distribution100t3.1_PA2_RUN2,2.0269,34.1346,3146.07643442166,4100.42311088165,-105.799565537346
insect.M.distribution100t3.1_PA2_RUN2,97.9985,49.3755,-1878.07694074317,-14590.1262995925,45.1598134186962
insect.M.distribution100t3.1_PA2_RUN2,1.5775,34.355,3146.07230525582,4100.40718728182,-105.814654719255
insect.M.distribution100t3.1_PA2_RUN2,2.0269,34.1346,3146.07643442166,4100.42311088165,-105.799565537346
insect.M.distribution100t3.1_PA2_RUN2,-1.5998,31.6146,5366.53975465542,4149.83693984035,-286.413169524865
insect.M.distribution100t3.1_PA2_RUN2,1.3749,34.1702,3146.07230525582,4100.40718728182,-105.814654719255
insect.M.distribution100t3.1_PA2_RUN2,1.5784,34.3551,3146.07230525582,4100.40718728182,-105.814654719255
