Predictor variable,Categorical,Sample average
PC1,false,-4103.982152056804
PC2,false,436.7114305968822
PC3,false,192.58683901720352
