X,Y,Test or train,Raw prediction,Cumulative prediction,Logistic prediction
15.5624,35.4876,train,0.016666666666666666,1.6666633336733327,0.5000000000000003
-32.0802,-45.4725,train,0.016666666666666666,1.6666633336733327,0.5000000000000003
102.3723,-58.511,train,0.016666666666666666,1.6666633336733327,0.5000000000000003
91.6036,28.9099,train,0.016666666666666666,1.6666633336733327,0.5000000000000003
10.7859,32.6553,train,0.016666666666666666,1.6666633336733327,0.5000000000000003
