Predictor variable,Categorical,Sample average
PC1,false,-1113.1197031712568
PC2,false,486.00198593258403
PC3,false,529.0757301377789
