Predictor variable,Categorical,Sample average
PC1,false,-3231.6893265828635
PC2,false,984.822305967349
PC3,false,201.90024891699213
