Predictor variable,Categorical,Sample average
PC1,false,6802.7576248746345
PC2,false,2191.7219546399333
PC3,false,330.81846376913666
