Predictor variable,Categorical,Sample average
PC1,false,3925.3267479268634
PC2,false,-2514.1083970051145
PC3,false,-839.2517930716768
