X,Y,Test or train,Raw prediction,Cumulative prediction,Logistic prediction
119.9502,35.456,train,0.019305887599423893,56.84904496943315,0.505708614303935
86.7886,54.2751,train,0.02176807921478366,72.60044784950203,0.5356568647053477
88.8679,53.214,train,0.02181749641414697,72.93801441519982,0.5362208346102079
5.5091,38.0668,train,0.017680698626556867,44.155444666191734,0.4837304743095563
-16.8387,26.3694,train,0.018334393490454397,53.170749360051225,0.4928015136028922
