Predictor variable,Categorical,Sample average
PC1,false,-1304.3533189631185
PC2,false,63.209065189360714
PC3,false,-506.6582684323486
