Predictor variable,Categorical,Sample average
PC1,false,2272.7616981371325
PC2,false,170.59267616267877
PC3,false,110.89019264858575
