Predictor variable,Categorical,Sample average
PC1,false,6364.269273192871
PC2,false,-5993.475219119474
PC3,false,130.04815257872855
