X,Y,Test or train,Raw prediction,Cumulative prediction,Logistic prediction
31.9863,-31.4955,train,0.016835295172089933,45.86863987930827,0.4999999999430416
75.5176,40.162,train,0.024503998748614714,99.39984194846664,0.5927531997363985
