X,Y,Test or train,Raw prediction,Cumulative prediction,Logistic prediction
20.1294,3.9057,train,0.02797145281472151,38.31020972373659,0.48921995343636104
32.3254,9.3393,train,0.04710163166987117,80.80425101482514,0.6172746248190376
10.0454,41.646,train,0.057493645969746335,84.46651581279323,0.6631499191622756
