Raw value,Corresponding cumulative value,Corresponding Logistic value,Fractional area,Training omission,Test omission
5.41167E-2,5.411672829,0.119143034,0.066666667,0.592592593,0
1.11854E-1,16.597026799,0.21848388,0.05,0.592592593,0
1.30524E-1,29.649448577,0.245982518,0.033333333,0.592592593,0
7.03506E-1,100,0.637461184,0.016666667,0.592592593,0
1E0,100,0.714234829,0,0.592592593,0
