Predictor variable,Categorical,Sample average
PC1,false,378.344698113599
PC2,false,1467.9345508727026
PC3,false,-189.02547281498994
