Predictor variable,Categorical,Sample average
PC1,false,4472.068747598735
PC2,false,-4303.669968359134
PC3,false,689.0337185393672
