Predictor variable,Categorical,Sample average
PC1,false,-1090.3396172456053
PC2,false,-83.2901283719122
PC3,false,110.12413331644464
