X,Y,Test or train,Raw prediction,Cumulative prediction,Logistic prediction
73.899,42.4236,train,0.018096689987585273,58.73054137717111,0.5029114450804043
75.5176,40.162,train,0.030813187085354094,92.1631656395905,0.6327098047773472
