Predictor variable,Categorical,Sample average
PC1,false,-324.5046144812879
PC2,false,4916.2662527075245
PC3,false,-322.37688797711496
