Predictor variable,Categorical,Sample average
PC1,false,11265.93135141715
PC2,false,-426.98887698927643
PC3,false,146.70907175638462
