Predictor variable,Categorical,Sample average
PC1,false,4943.052666674858
PC2,false,-8088.062621891077
PC3,false,371.68195639188025
