X,Y,Test or train,Raw prediction,Cumulative prediction,Logistic prediction
94.3441,39.1797,train,0.05197544759999274,96.61557238400755,0.7386780588144881
11.3475,16.3257,train,0.01187675800021219,8.873520699248086,0.3924371997178964
98.1107,46.2216,train,0.0463274658088735,94.3144356769107,0.7158711981666092
