X,Y,Test or train,Raw prediction,Cumulative prediction,Logistic prediction
31.9863,-31.4955,train,0.016276824301471707,25.34075368597767,0.48429095161528934
75.5176,40.162,train,0.01619196798394373,23.570295992972977,0.48298561208725954
19.7184,43.5586,train,0.018635884353752637,58.815466145156435,0.5181145267319097
10.7649,37.8912,train,0.020278455339738526,83.14555970916875,0.5391596005765442
113.0814,60.9084,train,0.018338988010065005,55.91726115499565,0.5141037903009992
74.5215,42.7568,train,0.01585659398456516,19.636597813359135,0.47776125278162584
17.5927,37.0722,train,0.019661462492003116,74.20563925555257,0.5314736673598567
9.6866,41.3584,train,0.01925073971474992,64.23458388412497,0.5262135264524093
