Predictor variable,Categorical,Sample average
PC1,false,2190.014193190008
PC2,false,618.1881979947027
PC3,false,-391.5608238130553
