Predictor variable,Categorical,Sample average
PC1,false,-2656.97472349029
PC2,false,-1310.5045106428825
PC3,false,142.3587625500154
