Predictor variable,Categorical,Sample average
PC1,false,2420.1797706991
PC2,false,-4052.4581106586747
PC3,false,-391.5407759871224
