X,Y,Test or train,Raw prediction,Cumulative prediction,Logistic prediction
-8.8925,-67.8316,train,0.02712459818667826,43.65764365319034,0.4421567970972384
17.5665,16.2724,train,0.018963941850042056,35.026334588619356,0.35656258643228145
60.181,36.5001,train,0.10576149604396644,82.96170252522273,0.7555309742763697
-7.7689,-68.1295,train,0.051278288164674064,55.45101149349402,0.5997474845031372
84.5325,38.9042,train,0.11385712694778434,85.52040056262739,0.7688963796872617
