Predictor variable,Categorical,Sample average
PC1,false,4558.604819644323
PC2,false,-2983.180982062301
PC3,false,829.3603514214176
