X,Y,Test or train,Raw prediction,Cumulative prediction,Logistic prediction
-3.1882,-58.9868,train,0.048926608333035124,96.95032448174582,0.7210641729974815
-34.0196,-45.5096,train,0.02044847239826069,61.87892652484369,0.5193236677556433
64.1849,55.1534,train,0.03356448645065245,91.81394037570935,0.6394305817737763
-18.0572,5.0463,train,0.03640920892458669,93.99147881123234,0.6579668174172939
89.7819,22.4683,train,0.010718297907709342,6.252283165950065,0.361554707381891
