Predictor variable,Categorical,Sample average
PC1,false,4179.381045949061
PC2,false,-3237.6744701735865
PC3,false,35.38392215505121
