Predictor variable,Categorical,Sample average
PC1,false,4449.670932979554
PC2,false,-5862.486714364434
PC3,false,678.0521432199029
