Predictor variable,Categorical,Sample average
PC1,false,690.6998312879906
PC2,false,1482.0944863858122
PC3,false,-108.488034733937
