X,Y,Test or train,Raw prediction,Cumulative prediction,Logistic prediction
19.0675,40.1875,train,0.024125441427010518,66.85724273686841,0.5532812099436099
7.764,42.0,train,0.02210871611368592,55.36030083082934,0.5316182724584266
15.8295,43.1459,train,0.022146628728137573,55.41006258797027,0.5320448758641214
7.7644,42.0013,train,0.02210871611368592,55.36030083082934,0.5316182724584266
26.5077,43.1324,train,0.019573563151610227,45.84219302147266,0.5012124951581592
19.4402,40.2154,train,0.02547647364666873,70.26526356299301,0.5667063457559248
97.4127,45.5087,train,0.019704394096147826,46.303635626985994,0.5028779218705471
97.3914,45.5063,train,0.027667416474746683,87.22571269139888,0.5868420100544915
97.3889,45.5044,train,0.027667416474746683,87.22571269139888,0.5868420100544915
