X,Y,Test or train,Raw prediction,Cumulative prediction,Logistic prediction
8.3977,34.0762,train,0.11155190416031995,100.0,0.8313050313764498
102.3723,-58.511,train,0.00739903283534319,6.397184683980413,0.24633862124958147
10.7859,32.6553,train,0.031126204488144852,71.91133060329528,0.578950039819606
91.6036,28.9099,train,0.02992981226177907,69.52493271859387,0.5693671688301872
10.7666,32.6534,train,0.031126204488144852,71.91133060329528,0.578950039819606
29.5466,40.7095,train,0.09203007086984452,100.0,0.8025850573502397
11.9309,35.4279,train,0.114891072767807,100.0,0.8354009295209898
102.2298,-58.5503,train,0.00739903283534319,6.397184683980413,0.24633862124958147
