Predictor variable,Categorical,Sample average
PC1,false,-3626.873906950431
PC2,false,2354.8465541468113
PC3,false,1517.0083492374938
