Predictor variable,Categorical,Sample average
PC1,false,2328.2731316636687
PC2,false,-112.93138041204713
PC3,false,-477.859407009484
