Predictor variable,Categorical,Sample average
PC1,false,-2314.382668017259
PC2,false,275.8453852498216
PC3,false,-31.998540793072834
