Predictor variable,Categorical,Sample average
PC1,false,-4539.060076662295
PC2,false,6983.724436247192
PC3,false,1700.6441422303503
