X,Y,Test or train,Raw prediction,Cumulative prediction,Logistic prediction
123.8358,-60.614,train,0.017538138074314404,53.74634725321394,0.49999999999999994
94.4457,45.9801,train,0.036426979109772155,99.99994274993279,0.6750097287014487
