X,Y,Test or train,Raw prediction,Cumulative prediction,Logistic prediction
19.9887,13.6431,train,0.01868540444840667,68.38037469948696,0.5111184085513144
19.8917,13.6869,train,0.01868540444840667,68.38037469948696,0.5111184085513144
33.0864,30.6038,train,0.023468390293639337,88.72750241053645,0.5676802099175732
31.8405,45.1568,train,0.01539297122128417,31.561746741545843,0.46273156134593274
53.1845,-52.0881,train,0.016015338295078643,42.32971550920468,0.4725987722191783
46.9672,40.9197,train,0.027697756831420426,90.17392426856522,0.607803747509157
21.1241,15.519,train,0.02012870183056491,86.50877693092036,0.5296862952842366
22.0961,15.8468,train,0.02014502415931977,86.5211345630564,0.5298882184869358
19.8652,13.6132,train,0.01868540444840667,68.38037469948696,0.5111184085513144
