Predictor variable,Categorical,Sample average
PC1,false,3515.9114805704344
PC2,false,-766.9416158007548
PC3,false,903.2556571585457
