Predictor variable,Categorical,Sample average
PC1,false,2562.6648459533035
PC2,false,715.4649201721314
PC3,false,-258.2978516932818
