Predictor variable,Categorical,Sample average
PC1,false,1309.7134669911889
PC2,false,1847.0632382546173
PC3,false,671.2943516200788
