Predictor variable,Categorical,Sample average
PC1,false,2515.6356406812174
PC2,false,385.74530325364884
PC3,false,-98.09844636866787
