Predictor variable,Categorical,Sample average
PC1,false,9181.678159651807
PC2,false,5874.709162765648
PC3,false,-72.3116633301712
