Predictor variable,Categorical,Sample average
PC1,false,1717.1576569572335
PC2,false,-467.4037789003812
PC3,false,-610.7545591793288
