X,Y,Test or train,Raw prediction,Cumulative prediction,Logistic prediction
73.899,42.4236,train,0.017699533255127867,39.93155366349563,0.4988910721370115
10.7649,37.8912,train,0.0178304339550327,40.72554746239293,0.500733194940717
9.177,40.6294,train,0.018088746297796478,41.96017111895542,0.5043288931372251
113.0814,60.9084,train,0.026747738292515644,96.34742658212677,0.6007223796361167
74.5215,42.7568,train,0.018204643446913974,42.49224917489545,0.505925399535357
17.5927,37.0722,train,0.018244406992297197,42.67463900835233,0.5064707833855863
64.9409,56.1607,train,0.01779072760701842,40.4846670386448,0.5001758530995893
9.6866,41.3584,train,0.016745306600310594,31.257368683923296,0.4850404730339317
