Predictor variable,Categorical,Sample average
PC1,false,361.09036852489567
PC2,false,1814.3540216469178
PC3,false,-383.6855783991482
