Predictor variable,Categorical,Sample average
PC1,false,1359.00924487584
PC2,false,440.3483072447863
PC3,false,167.8466238841667
