Predictor variable,Categorical,Sample average
PC1,false,226.72282115850848
PC2,false,-1743.4219201461285
PC3,false,1375.4714275465597
