X,Y,Test or train,Raw prediction,Cumulative prediction,Logistic prediction
19.0675,40.1875,train,0.03854537160772614,33.953085882364,0.5000000053861635
7.9496,42.4842,train,0.04652230269510323,49.720707082471726,0.5468858003999223
