Predictor variable,Categorical,Sample average
PC1,false,9309.246073313308
PC2,false,3363.343641833235
PC3,false,-32.36098542617308
