Predictor variable,Categorical,Sample average
PC1,false,3002.091052658979
PC2,false,-639.6417484266972
PC3,false,1150.0585146973795
