X,Y,Test or train,Raw prediction,Cumulative prediction,Logistic prediction
21.0529,15.1588,train,0.021373413588703316,81.32566841024801,0.5453955698009425
19.9887,13.6431,train,0.02145135396595597,81.42519525430022,0.5462979114392638
33.0864,30.6038,train,0.01870661834509049,63.67967889549857,0.5122008975546716
27.1721,18.9361,train,0.017916079660687725,53.41761413535489,0.5014086241676653
53.1845,-52.0881,train,0.016226097560939016,38.909685817102456,0.4766561841983971
21.1241,15.519,train,0.021373413588703316,81.32566841024801,0.5453955698009425
20.3082,15.5946,train,0.020988336410780815,80.83393180890951,0.5408842072667278
19.912,13.6439,train,0.02145135396595597,81.42519525430022,0.5462979114392638
46.9672,40.9197,train,0.022221683789256545,82.50566265962313,0.5550273213822636
