Predictor variable,Categorical,Sample average
PC1,false,546.8793119777218
PC2,false,889.1966628973146
PC3,false,-282.6980914162901
