Predictor variable,Categorical,Sample average
PC1,false,2607.5689222886085
PC2,false,1603.4193472117358
PC3,false,607.0533379905733
