Predictor variable,Categorical,Sample average
PC1,false,-426.8697227892144
PC2,false,-751.4989748535478
PC3,false,561.526516173696
