Predictor variable,Categorical,Sample average
PC1,false,388.84178827015523
PC2,false,248.79606565293545
PC3,false,-441.46708694605184
