X,Y,Test or train,Raw prediction,Cumulative prediction,Logistic prediction
-16.8466,26.3714,train,0.018597381806452627,63.321984724166136,0.4986296046711214
80.099,49.5909,train,0.020698834342342782,80.74544769091216,0.5253719352104375
86.7886,54.2751,train,0.021202392846939963,81.616246996276,0.5313616853784643
88.8679,53.214,train,0.021239139914478292,81.67980631016714,0.5317928727835334
5.5091,38.0668,train,0.018088859682711247,53.052794936861176,0.4916992274417795
5.4924,38.0538,train,0.018088859682711247,53.052794936861176,0.4916992274417795
5.4893,38.0506,train,0.018088859682711247,53.052794936861176,0.4916992274417795
5.4932,38.0514,train,0.018088859682711247,53.052794936861176,0.4916992274417795
