species,X,Y,PC1,PC2,PC3
insect.M.distribution190t3.3_PA2_RUN2,-16.8466,26.3714,1557.36958058335,3422.6005984922,-347.75267589859
insect.M.distribution190t3.3_PA2_RUN2,80.099,49.5909,-5205.85702672177,9081.61222081273,-656.361665159902
insect.M.distribution190t3.3_PA2_RUN2,86.7886,54.2751,-6321.49172219633,690.561883365664,-725.651465221938
insect.M.distribution190t3.3_PA2_RUN2,88.8679,53.214,-6406.69456736829,1139.01541004369,-730.643262531605
insect.M.distribution190t3.3_PA2_RUN2,5.5091,38.0668,4871.85201046607,-3085.8553968727,-267.831906689095
insect.M.distribution190t3.3_PA2_RUN2,5.4924,38.0538,4871.85201046607,-3085.8553968727,-267.831906689095
insect.M.distribution190t3.3_PA2_RUN2,5.4893,38.0506,4871.85201046607,-3085.8553968727,-267.831906689095
insect.M.distribution190t3.3_PA2_RUN2,5.4932,38.0514,4871.85201046607,-3085.8553968727,-267.831906689095
