Predictor variable,Categorical,Sample average
PC1,false,5250.39971058501
PC2,false,-5281.039604053042
PC3,false,424.4774902003217
