Predictor variable,Categorical,Sample average
PC1,false,8689.006142793616
PC2,false,-967.3080729300606
PC3,false,-499.1886570512982
