X,Y,Test or train,Raw prediction,Cumulative prediction,Logistic prediction
19.1228,40.1953,train,0.023229469816712967,67.06741157971831,0.5478032522919013
19.0675,40.1875,train,0.023229469816712967,67.06741157971831,0.5478032522919013
7.9496,42.4842,train,0.023978919884716607,68.34979262627043,0.5556564564185092
15.8295,43.1459,train,0.022464071526657168,60.018727460560044,0.5394911519894181
7.7644,42.0013,train,0.023980976737027898,68.3533118509571,0.5556776340814692
19.4402,40.2154,train,0.023212080552489356,67.03765687773831,0.54761774026064
18.9409,40.1739,train,0.023229469816712967,67.06741157971831,0.5478032522919013
97.4127,45.5087,train,0.011783453448701124,9.270686174618865,0.38061784897528567
97.3914,45.5063,train,0.01645045241488068,26.196927135573553,0.4617573565199963
