X,Y,Test or train,Raw prediction,Cumulative prediction,Logistic prediction
20.1294,3.9057,train,0.048603596680452214,71.86522857535654,0.6217249843354977
7.9127,30.9913,train,0.02681530300289231,43.07355488398395,0.4755573886725743
10.0454,41.646,train,0.04066150604498913,65.90490464194045,0.5789490612053988
