Predictor variable,Categorical,Sample average
PC1,false,11986.470115611099
PC2,false,-355.8622618092957
PC3,false,-195.99184177884797
