X,Y,Test or train,Raw prediction,Cumulative prediction,Logistic prediction
1.3308,35.7007,train,0.02945006450304813,80.3955910628203,0.5875589926011696
0.5533,36.0223,train,0.02944401026792853,79.61931277003058,0.5875091685760325
0.71,35.9525,train,0.029444726710077435,79.71117548716136,0.5875150652471669
-40.7807,36.1015,train,0.01254835986113074,15.073940596697458,0.37772336374582843
57.2682,40.9914,train,0.029533519027662835,94.99637079418524,0.5882445667818267
1.2819,37.671,train,0.02754230605366125,54.85791909498111,0.571239627742898
-51.6012,-1.9385,train,0.013341927745023152,15.768529357714462,0.39224121074942886
30.9553,36.0985,train,0.028962036161800098,62.682975230148024,0.5835037073261387
