Predictor variable,Categorical,Sample average
PC1,false,2605.848328932665
PC2,false,2165.618459122815
PC3,false,528.4912492456378
