Predictor variable,Categorical,Sample average
PC1,false,2341.9116448677105
PC2,false,-611.3338761306475
PC3,false,1228.5146698347787
