X,Y,Test or train,Raw prediction,Cumulative prediction,Logistic prediction
21.0529,15.1588,train,0.018000525723271293,74.67905894581993,0.5128251694295238
19.9887,13.6431,train,0.017258845082322463,60.67849899411244,0.502308918393036
33.0864,30.6038,train,0.019941660627069854,82.08020933150863,0.5383550036321602
53.1845,-52.0881,train,0.015822823097362142,38.76225248471915,0.4806008343097048
19.8725,13.7334,train,0.017258845082322463,60.67849899411244,0.502308918393036
46.9672,40.9197,train,0.02170376418571381,87.44406928471085,0.5593184982751724
