Predictor variable,Categorical,Sample average
PC1,false,2448.803515558632
PC2,false,157.5421320352621
PC3,false,-203.2992998003483
