Raw value,Corresponding cumulative value,Corresponding Logistic value,Fractional area,Training omission,Test omission
3.3653E-10,0.000000034,0.000000001,0.133333333,0.28125,0
3.13862E-7,0.00003142,0.000001213,0.116666667,0.28125,0
3.15305E-5,0.003184473,0.000121831,0.1,0.28125,0
1.03302E-3,0.106486793,0.003976108,0.083333333,0.28125,0
1.45871E-1,14.693542886,0.360490041,0.066666667,0.28125,0
2.28453E-1,37.538850838,0.468883595,0.05,0.28125,0
2.98153E-1,67.354189414,0.535353543,0.033333333,0.28125,0
3.26458E-1,100,0.55782612,0.016666667,0.28125,0
1E0,100,0.794423384,0,0.28125,0
