Predictor variable,Categorical,Sample average
PC1,false,-405.6616471112869
PC2,false,-646.390265863656
PC3,false,45.640144665453526
