Predictor variable,Categorical,Sample average
PC1,false,-471.42392501974183
PC2,false,-218.79911215278807
PC3,false,1409.8065736415558
