Predictor variable,Categorical,Sample average
PC1,false,-2771.202351159118
PC2,false,766.2933265932929
PC3,false,226.8019445670781
