X,Y,Test or train,Raw prediction,Cumulative prediction,Logistic prediction
9.9701,40.4731,train,0.020693922258259976,62.96260410926569,0.5330793563012197
102.1091,51.5068,train,0.01812566813414462,24.399456667257535,0.5000000000000021
