Predictor variable,Categorical,Sample average
PC1,false,-3394.59210325519
PC2,false,1497.416476529369
PC3,false,61.596247703275665
