Predictor variable,Categorical,Sample average
PC1,false,2762.798797397425
PC2,false,899.6490177143398
PC3,false,-355.53699351411825
