Predictor variable,Categorical,Sample average
PC1,false,8545.196720632379
PC2,false,-2130.1799878853226
PC3,false,-500.13776741981354
