Predictor variable,Categorical,Sample average
PC1,false,2125.5934825029117
PC2,false,2395.3526015968173
PC3,false,142.8907624697119
