Raw value,Corresponding cumulative value,Corresponding Logistic value,Fractional area,Training omission,Test omission
3.07321E-2,3.073208719,0.061202989,0.05,0.210526316,0
3.19968E-1,35.070052834,0.404322117,0.033333333,0.210526316,0
6.49299E-1,100,0.579368972,0.016666667,0.210526316,0
1E0,100,0.679624073,0,0.210526316,0
