Predictor variable,Categorical,Sample average
PC1,false,11122.13791939952
PC2,false,9.081292208562301
PC3,false,76.98686920996978
