X,Y,Test or train,Raw prediction,Cumulative prediction,Logistic prediction
-0.5956,-59.9183,train,0.016666666666666666,1.6666633336733327,0.5000000000000003
-34.0196,-45.5096,train,0.016666666666666666,1.6666633336733327,0.5000000000000003
118.3176,-58.3883,train,0.016666666666666666,1.6666633336733327,0.5000000000000003
89.7819,22.4683,train,0.016666666666666666,1.6666633336733327,0.5000000000000003
-19.7049,4.0879,train,0.016666666666666666,1.6666633336733327,0.5000000000000003
