Predictor variable,Categorical,Sample average
PC1,false,3261.832729653648
PC2,false,-2680.4259070027297
PC3,false,359.30335651389413
