X,Y,Test or train,Raw prediction,Cumulative prediction,Logistic prediction
67.6384,45.4558,train,0.018077547183437695,41.035317934756584,0.5101956416566475
-50.4376,32.5427,train,0.01778395938582274,36.66356074615282,0.5061033049255144
107.4503,23.1467,train,0.017091986875679546,30.809631809536643,0.49618189655378064
