Predictor variable,Categorical,Sample average
PC1,false,-4256.161172493238
PC2,false,1213.9588476874444
PC3,false,80.4443476949841
