X,Y,Test or train,Raw prediction,Cumulative prediction,Logistic prediction
19.9887,13.6431,train,0.01681539768860885,54.10828622360338,0.5021771283814566
19.8917,13.6869,train,0.01681539768860885,54.10828622360338,0.5021771283814566
33.0864,30.6038,train,0.01651317543729907,24.206339550888107,0.49764305406886156
31.8405,45.1568,train,0.01685499623178916,72.72716115904805,0.5027651462960757
