Predictor variable,Categorical,Sample average
PC1,false,321.48656643255555
PC2,false,12.377530736481605
PC3,false,-443.6468541101914
