X,Y,Test or train,Raw prediction,Cumulative prediction,Logistic prediction
80.099,49.5909,train,0.018287197049332085,83.0139084533704,0.5136080927865656
119.9502,35.456,train,0.01761044139915403,74.67024720863114,0.5041840533551095
5.6479,39.2556,train,0.01696215048513905,52.525672409760524,0.49480744579469055
5.5091,38.0668,train,0.016963223537942235,52.854007878669044,0.4948232589943569
-16.8387,26.3694,train,0.017227497461689334,70.39916999648518,0.4986878563991991
5.4924,38.0538,train,0.016963223537942235,52.854007878669044,0.4948232589943569
5.4893,38.0506,train,0.016963223537942235,52.854007878669044,0.4948232589943569
86.7886,54.2751,train,0.0185339458893085,84.4295907432852,0.5169556410560787
88.8679,53.214,train,0.01855185028072031,84.58440160175381,0.5171967510074639
