Predictor variable,Categorical,Sample average
PC1,false,3035.830228120187
PC2,false,241.706405988304
PC3,false,-120.44452179879288
