Predictor variable,Categorical,Sample average
PC1,false,1347.5582001393466
PC2,false,-845.7124011431869
PC3,false,1351.0903314440604
