X,Y,Test or train,Raw prediction,Cumulative prediction,Logistic prediction
21.0529,15.1588,train,0.01750743350991604,63.82882104617982,0.5056136317952228
19.9887,13.6431,train,0.016784944183254585,59.000561429964,0.4950782122326241
33.0864,30.6038,train,0.02008364931163012,77.39755749335649,0.5398492858211135
