Predictor variable,Categorical,Sample average
PC1,false,1420.1261928664394
PC2,false,1938.8764441538078
PC3,false,-325.69710655451524
