Predictor variable,Categorical,Sample average
PC1,false,-3748.725081059491
PC2,false,917.326734366968
PC3,false,-53.003778168056385
