Predictor variable,Categorical,Sample average
PC1,false,985.9218221572587
PC2,false,1779.7540854480176
PC3,false,625.5828711604593
