X,Y,Test or train,Raw prediction,Cumulative prediction,Logistic prediction
-54.1515,36.6608,train,0.051968627037969006,95.75051809401496,0.6781351087427645
-49.2426,40.4999,train,0.046701559464912314,80.83444647111372,0.6543808387629415
1.2062,33.6762,train,0.019213337810319815,33.125729773067754,0.4378676027869047
