Predictor variable,Categorical,Sample average
PC1,false,4733.307812358067
PC2,false,-1597.3221751345786
PC3,false,-424.4688930765212
