X,Y,Test or train,Raw prediction,Cumulative prediction,Logistic prediction
123.8358,-60.614,train,0.01291124919678997,25.67836274108596,0.40285616732781804
94.4457,45.9801,train,0.05235247463833309,92.00062717562582,0.7322997084505409
100.9356,46.8891,train,0.05555337406643759,92.71010384484768,0.7437720021839804
102.1091,51.5068,train,0.034478496135061196,87.16579754036714,0.6430572727461958
12.1923,17.0014,train,0.011678660428133156,12.189917260719856,0.37897194076279916
21.9358,2.6891,train,0.012443615663641406,23.01305419129843,0.39401418055780696
102.1312,48.4123,train,0.044128922670503015,89.90398595240411,0.697503543674839
-35.9099,-49.0382,train,0.021061544515758576,77.8111219382648,0.5239245820791573
-33.5753,-33.3862,train,0.01627136232458275,49.60216012557807,0.45952110230840626
