Predictor variable,Categorical,Sample average
PC1,false,5380.525032846955
PC2,false,5253.7554177642405
PC3,false,495.24370588525807
