Predictor variable,Categorical,Sample average
PC1,false,-1993.7379151422545
PC2,false,991.6109209083695
PC3,false,-364.1617984222683
