Predictor variable,Categorical,Sample average
PC1,false,1722.5221088435374
PC2,false,1983.8165579199642
PC3,false,492.3913590604556
