Predictor variable,Categorical,Sample average
PC1,false,2470.0718595392464
PC2,false,547.4106002110103
PC3,false,-260.0742146965879
