Predictor variable,Categorical,Sample average
PC1,false,2250.6236283693274
PC2,false,390.7202704767114
PC3,false,-93.47778105124534
