X,Y,Test or train,Raw prediction,Cumulative prediction,Logistic prediction
15.5624,35.4876,train,0.02156217208857021,90.35745327811343,0.5590512751090873
-32.0802,-45.4725,train,0.014610767857403758,18.70196600427459,0.46210552865852883
10.7859,32.6553,train,0.018685589211202103,81.13551226599466,0.5235138190859899
91.6036,28.9099,train,0.01771073225903666,79.18635691240618,0.5101343388138345
10.7666,32.6534,train,0.018685589211202103,81.13551226599466,0.5235138190859899
