X,Y,Test or train,Raw prediction,Cumulative prediction,Logistic prediction
-47.525,35.0639,train,0.0575808643299716,69.50775300536394,0.5803011762692983
-149.36,-59.8952,train,0.05416490455952466,68.20374840754776,0.5653374326203072
