Predictor variable,Categorical,Sample average
PC1,false,1504.4559559631225
PC2,false,1357.0879658046122
PC3,false,847.9557692305848
