Raw value,Corresponding cumulative value,Corresponding Logistic value,Fractional area,Training omission,Test omission
2.03113E-10,0.00000002,0,0.066666667,0.625,0
9.8862E-3,0.988620074,0.015114324,0.05,0.625,0
1.29605E-1,13.949081093,0.167488244,0.033333333,0.625,0
8.60509E-1,100,0.571874151,0.016666667,0.625,0
1E0,100,0.608195348,0,0.625,0
