X,Y,Test or train,Raw prediction,Cumulative prediction,Logistic prediction
32.3254,9.3393,train,0.024682851658503473,49.92400860996409,0.5205891170276865
10.0454,41.646,train,0.02973277584541209,75.70414265968287,0.5667355048078525
102.8431,49.1864,train,0.017055900111162807,13.133067256289399,0.4286871690244994
32.495,9.4316,train,0.024682713194201237,49.923486621086006,0.5205877169674215
9.9871,41.6435,train,0.02973277584541209,75.70414265968287,0.5667355048078525
31.954,8.993,train,0.024682851658503473,49.92400860996409,0.5205891170276865
