Predictor variable,Categorical,Sample average
PC1,false,953.9828617023436
PC2,false,2698.9117390149067
PC3,false,303.4305820338674
