Predictor variable,Categorical,Sample average
PC1,false,1484.2186837423671
PC2,false,1333.8630834775784
PC3,false,-41.01074141337965
