Predictor variable,Categorical,Sample average
PC1,false,7947.635813825201
PC2,false,-2019.7942529122192
PC3,false,-334.15337353366596
