Predictor variable,Categorical,Sample average
PC1,false,-4140.750480766943
PC2,false,552.3092428096271
PC3,false,108.85558840520224
