Predictor variable,Categorical,Sample average
PC1,false,-1369.3435225799244
PC2,false,-761.8182409254285
PC3,false,63.17058435379316
