X,Y,Test or train,Raw prediction,Cumulative prediction,Logistic prediction
19.0675,40.1875,train,0.024057494053520166,59.652840012377105,0.5464149695127202
7.9496,42.4842,train,0.024638958498006812,60.36898000754669,0.5523272633718743
7.764,42.0,train,0.02463933873945832,60.36944836100909,0.5523310792152353
7.7644,42.0013,train,0.02463933873945832,60.36944836100909,0.5523310792152353
26.5077,43.1324,train,0.021897178448326837,50.07375888792532,0.5230105327805665
19.4402,40.2154,train,0.02405425815136678,59.648854631851876,0.5463816300792079
97.4127,45.5087,train,0.014366828247149835,13.914701416397683,0.4184039839622951
97.3914,45.5063,train,0.01822437938510608,23.917865438929486,0.4771433480968146
97.3889,45.5044,train,0.01822437938510608,23.917865438929486,0.4771433480968146
