Predictor variable,Categorical,Sample average
PC1,false,8136.248018572776
PC2,false,-1762.7556803038556
PC3,false,-395.5441453547549
