Predictor variable,Categorical,Sample average
PC1,false,3825.6029164799293
PC2,false,-3148.362625395473
PC3,false,467.37158893691293
