Predictor variable,Categorical,Sample average
PC1,false,2547.9224481603596
PC2,false,1548.5075841025985
PC3,false,813.6155181760143
