X,Y,Test or train,Raw prediction,Cumulative prediction,Logistic prediction
2.4041,-43.349,train,0.015116678381969348,10.987434361091402,0.47456680288820396
0.8588,38.3662,train,0.0190392551429134,92.88935641869074,0.5321763670900661
10.7628,36.5256,train,0.016133244220339352,37.614496234217725,0.49081670104271696
0.96,38.4215,train,0.0190392551429134,92.88935641869074,0.5321763670900661
0.7825,38.1344,train,0.0190392551429134,92.88935641869074,0.5321763670900661
