Predictor variable,Categorical,Sample average
PC1,false,1017.2112153091202
PC2,false,1499.2152454448162
PC3,false,-386.1911671913148
