Predictor variable,Categorical,Sample average
PC1,false,4034.6580719212066
PC2,false,-2243.1779399336233
PC3,false,-782.4059480080085
