X,Y,Test or train,Raw prediction,Cumulative prediction,Logistic prediction
80.099,49.5909,train,0.019131068495911816,76.95239045912308,0.5230200232931218
119.9502,35.456,train,0.018074434977665005,58.441918392759206,0.5088316082856688
86.7886,54.2751,train,0.019521318073125914,78.46447173510884,0.5280551772761569
5.6479,39.2556,train,0.01708134940995855,43.67928488282879,0.4947048955872296
5.4924,38.0538,train,0.01708297752784238,43.773213122973395,0.49472872067400586
5.4893,38.0506,train,0.01708297752784238,43.773213122973395,0.49472872067400586
5.4932,38.0514,train,0.01708297752784238,43.773213122973395,0.49472872067400586
