Predictor variable,Categorical,Sample average
PC1,false,1106.1005835254198
PC2,false,-635.7454617010793
PC3,false,-416.34653550878954
