Predictor variable,Categorical,Sample average
PC1,false,-2655.909302817712
PC2,false,1189.272673750847
PC3,false,-568.3146582051694
