X,Y,Test or train,Raw prediction,Cumulative prediction,Logistic prediction
80.099,49.5909,train,0.020719669984221513,83.48505675334516,0.5345606599490232
119.9502,35.456,train,0.017878094324256737,75.59671235323766,0.49773904768955707
86.7886,54.2751,train,0.021558874716665864,86.5840280662397,0.5444244205049357
88.8679,53.214,train,0.02162265658368913,86.75135973536086,0.5451570260929601
5.6479,39.2556,train,0.015395393870679383,39.05766653015408,0.46044490669378935
