X,Y,Test or train,Raw prediction,Cumulative prediction,Logistic prediction
-54.1515,36.6608,train,0.024296171780833934,100.0,0.5847686816660578
1.2062,33.6762,train,0.017526087998470222,46.28559290252081,0.5039379961085353
