X,Y,Test or train,Raw prediction,Cumulative prediction,Logistic prediction
95.5153,46.077,train,0.05257877064771077,95.00302163881614,0.7395450844734364
94.3441,39.1797,train,0.059027945391422997,98.20742294591084,0.7612062274272465
4.6553,32.7977,train,0.011230391730161049,12.127169001069525,0.3775210888229754
