Predictor variable,Categorical,Sample average
PC1,false,4553.029250273224
PC2,false,-8222.230102838907
PC3,false,124.64592497210963
