X,Y,Test or train,Raw prediction,Cumulative prediction,Logistic prediction
-47.525,35.0639,train,0.017326475475268072,93.79190657839922,0.5096645275067869
