X,Y,Test or train,Raw prediction,Cumulative prediction,Logistic prediction
-54.1515,36.6608,train,2.5842496030329065,100.0,0.9270286824944775
-168.9006,-56.5336,train,0.4135442726801348,87.37516974325725,0.6702889391795585
