Predictor variable,Categorical,Sample average
PC1,false,2992.622505777003
PC2,false,-1872.7051185202376
PC3,false,-309.6082813019979
