Predictor variable,Categorical,Sample average
PC1,false,2262.502098664162
PC2,false,501.8585538527937
PC3,false,-218.57899720086243
