X,Y,Test or train,Raw prediction,Cumulative prediction,Logistic prediction
-149.36,-59.8952,train,0.0938785122429114,73.92148723500387,0.670310471643955
6.63,34.3489,train,0.04617376940776275,66.99740005396444,0.49999998970270904
