X,Y,Test or train,Raw prediction,Cumulative prediction,Logistic prediction
102.1091,51.5068,train,0.07780323149724669,74.22312787649048,0.6845637753335888
94.4457,45.9801,train,0.21048036870167305,90.20259060643347,0.8544619878127632
100.9356,46.8891,train,0.20175643931806572,89.1519030153366,0.8491184430766219
-7.1932,-7.377,train,0.0480421949980812,70.42517578131051,0.5726623953071539
17.398,41.9086,train,0.01023128526921876,12.94968930894397,0.22202447057386418
-7.1929,-7.392,train,0.0480421949980812,70.42517578131051,0.5726623953071539
