Predictor variable,Categorical,Sample average
PC1,false,10396.877759733465
PC2,false,7161.45748640231
PC3,false,-310.4124945116467
