X,Y,Test or train,Raw prediction,Cumulative prediction,Logistic prediction
-8.8925,-67.8316,train,0.03219645690150259,58.39285302413059,0.5395254984338774
17.5665,16.2724,train,0.01601215638782527,36.931517169300136,0.36816998648708105
-7.7689,-68.1295,train,0.048806318733936545,66.88515234734751,0.639786113360449
-5.9533,-68.7697,train,0.06645085577635117,75.83325442418648,0.707451542189988
84.5325,38.9042,train,0.055380274139216576,68.85178282562187,0.6683650341881675
