Predictor variable,Categorical,Sample average
PC1,false,2004.1625885836177
PC2,false,-3917.945207070574
PC3,false,-848.4462600096543
