species,X,Y,PC1,PC2,PC3
insect.M.distribution240t1.3_PA1_RUN2,-8.8925,-67.8316,1525.00085457022,-2581.31157556775,-1660.46251966807
insect.M.distribution240t1.3_PA1_RUN2,17.5665,16.2724,4205.80413786475,-1417.80625368528,633.448547942829
insect.M.distribution240t1.3_PA1_RUN2,-7.7689,-68.1295,1401.60390593926,-4205.85507894302,-1633.85852117118
insect.M.distribution240t1.3_PA1_RUN2,-5.9533,-68.7697,463.043092184387,-5257.05331138557,-1926.95612935801
insect.M.distribution240t1.3_PA1_RUN2,84.5325,38.9042,2425.36095235947,-6127.69981577125,345.597322206159
