Raw value,Corresponding cumulative value,Corresponding Logistic value,Fractional area,Training omission,Test omission
2.2767E-2,2.276697752,0.045026913,0.05,0.366666667,0
3.22008E-1,34.47751147,0.400073925,0.033333333,0.366666667,0
6.55225E-1,100,0.575724099,0.016666667,0.366666667,0
1E0,100,0.674370925,0,0.366666667,0
