Predictor variable,Categorical,Sample average
PC1,false,-1323.2275000946927
PC2,false,252.6500064162193
PC3,false,196.30342599248343
