Predictor variable,Categorical,Sample average
PC1,false,1879.2649211290134
PC2,false,220.918041573142
PC3,false,-86.76228867829563
