X,Y,Test or train,Raw prediction,Cumulative prediction,Logistic prediction
67.6384,45.4558,train,0.017510412319609002,28.272362762846218,0.4964727542613699
-50.4376,32.5427,train,0.019559543959246563,58.296329952928325,0.5241208716030464
74.925,38.6494,train,0.018055107045063544,30.272328722275976,0.5041308242254174
