species,X,Y,PC1,PC2,PC3
insect.M.distribution160t1.1_PA1_RUN2,67.6384,45.4558,835.62072583228,1570.94530448578,-463.021743507345
insect.M.distribution160t1.1_PA1_RUN2,-50.4376,32.5427,3287.79080099646,-221.626470987557,-388.327533318722
insect.M.distribution160t1.1_PA1_RUN2,74.925,38.6494,1514.3832365583,-686.564708778797,591.06241079118
