Predictor variable,Categorical,Sample average
PC1,false,11043.005299582834
PC2,false,-129.64728373247698
PC3,false,194.28334114410077
