Predictor variable,Categorical,Sample average
PC1,false,52.26960026597362
PC2,false,1858.9166062113893
PC3,false,8.566657962906262
