Predictor variable,Categorical,Sample average
PC1,false,-2116.4936925979605
PC2,false,-133.81162854873483
PC3,false,-127.91040769324576
