Predictor variable,Categorical,Sample average
PC1,false,3463.7938719279177
PC2,false,-707.5152229311576
PC3,false,-400.12506225470395
