X,Y,Test or train,Raw prediction,Cumulative prediction,Logistic prediction
-54.1515,36.6608,train,0.049975028185690995,47.34370257296928,0.5627839650417813
-168.9006,-56.5336,train,0.03882463796206507,40.49016445475173,0.5000000002669306
