X,Y,Test or train,Raw prediction,Cumulative prediction,Logistic prediction
8.3977,34.0762,train,0.025659736067698367,85.17280670018556,0.5921860107341218
-32.0802,-45.4725,train,0.0136812971936422,26.390451679693133,0.4363758511887913
102.3723,-58.511,train,0.015592840238963858,48.61307185985207,0.46876532754575223
10.7859,32.6553,train,0.020740620598893804,77.21574066100814,0.5399597670773935
10.7666,32.6534,train,0.020740620598893804,77.21574066100814,0.5399597670773935
29.5466,40.7095,train,0.02373352970767635,83.17610003999502,0.5732137451581124
