Predictor variable,Categorical,Sample average
PC1,false,-3310.3699777377474
PC2,false,698.884755082735
PC3,false,1332.8432405102405
