Predictor variable,Categorical,Sample average
PC1,false,2856.486322838518
PC2,false,-3097.6850056220533
PC3,false,799.3618070450151
