X,Y,Test or train,Raw prediction,Cumulative prediction,Logistic prediction
7.9127,30.9913,train,0.020586897832513062,38.49747841155689,0.5044600133041774
32.3254,9.3393,train,0.02193628505459603,50.980934712032436,0.5203207502744178
102.8431,49.1864,train,0.01711093647004489,19.955669454032865,0.4583228029646443
32.495,9.4316,train,0.021936202345488057,50.97827426762783,0.5203198092233634
9.9871,41.6435,train,0.02485978759081023,69.70225053706538,0.5514268000627205
31.954,8.993,train,0.02193628505459603,50.980934712032436,0.5203207502744178
