Predictor variable,Categorical,Sample average
PC1,false,10623.027550532426
PC2,false,368.54354726463157
PC3,false,204.4252578226835
