Predictor variable,Categorical,Sample average
PC1,false,5220.777610452697
PC2,false,-3929.1065970574305
PC3,false,768.5169200001808
