Predictor variable,Categorical,Sample average
PC1,false,1406.8143409394677
PC2,false,1308.608558598545
PC3,false,-271.7525067493047
