Predictor variable,Categorical,Sample average
PC1,false,188.45456061575973
PC2,false,61.34452752778749
PC3,false,-442.91434755591064
