X,Y,Test or train,Raw prediction,Cumulative prediction,Logistic prediction
22.6086,33.5613,train,0.01694364442060039,33.87888604638521,0.4843626755916822
73.4066,39.989,train,0.0179899301003873,44.67408227651497,0.49933741452982044
18.7074,40.8828,train,0.0206681202869102,56.51737247436301,0.5339800226535393
18.8008,40.9082,train,0.020395834755780006,55.96245224457526,0.5306784635450852
