Predictor variable,Categorical,Sample average
PC1,false,4070.9158977974976
PC2,false,-801.6955263948646
PC3,false,-291.6585553925959
