X,Y,Test or train,Raw prediction,Cumulative prediction,Logistic prediction
21.0529,15.1588,train,0.018873588119487902,73.61076915140882,0.5114504414898637
19.8917,13.6869,train,0.017318756251433497,53.66595716418664,0.48996044336272343
33.0864,30.6038,train,0.024973602768645346,81.90115814715396,0.5807530901163563
