X,Y,Test or train,Raw prediction,Cumulative prediction,Logistic prediction
95.5153,46.077,train,0.07302825410786198,95.94475414043119,0.7892936243630054
94.3441,39.1797,train,0.07805911696740386,97.20331163164757,0.800159711974352
11.3475,16.3257,train,0.009538025780301898,2.577821537726896,0.32851987778011077
