species,X,Y,PC1,PC2,PC3
insect.M.distribution110t1.3_PA1_RUN2,95.5153,46.077,-1873.01714807728,-13866.6966438278,906.16684192204
insect.M.distribution110t1.3_PA1_RUN2,94.3441,39.1797,7486.32111888308,-14192.9094871278,96.3771138975818
insect.M.distribution110t1.3_PA1_RUN2,11.3475,16.3257,8081.2244414601,3690.26025897477,517.707581365235
