X,Y,Test or train,Raw prediction,Cumulative prediction,Logistic prediction
-16.8466,26.3714,train,0.01720047482681599,41.879060803255335,0.5034693699617536
119.9502,35.456,train,0.01725799912054869,42.546269139482575,0.5043040102009394
5.6479,39.2556,train,0.017555265708724083,49.19812072920976,0.5085728243444763
-16.8387,26.3694,train,0.01720047482681599,41.879060803255335,0.5034693699617536
