X,Y,Test or train,Raw prediction,Cumulative prediction,Logistic prediction
-16.8466,26.3714,train,0.016974410180020074,64.20532860191071,0.495036312502324
80.099,49.5909,train,0.018026610762906854,82.64851007578129,0.5100703163016485
119.9502,35.456,train,0.017354589700052773,70.27378544933497,0.5005736694254728
86.7886,54.2751,train,0.0182716801236405,83.75171741643499,0.5134442581184095
88.8679,53.214,train,0.018289463606212024,83.79958831245351,0.5136872810523814
5.6479,39.2556,train,0.016711015795601587,47.388332777011506,0.4911273819146204
