Predictor variable,Categorical,Sample average
PC1,false,4761.363917139529
PC2,false,-1351.6064168733458
PC3,false,-557.1256104111783
