X,Y,Test or train,Raw prediction,Cumulative prediction,Logistic prediction
73.5722,59.7387,train,0.016666666666666666,1.6666633336733327,0.5000000000000003
1.5784,34.3551,train,0.016666666666666666,1.6666633336733327,0.5000000000000003
97.9985,49.3755,train,0.016666666666666666,1.6666633336733327,0.5000000000000003
