Predictor variable,Categorical,Sample average
PC1,false,-5322.269539717449
PC2,false,-3106.288341504587
PC3,false,607.1429356160071
