Predictor variable,Categorical,Sample average
PC1,false,4012.2681591441856
PC2,false,-1978.7589502241826
PC3,false,-664.4504132082988
