Predictor variable,Categorical,Sample average
PC1,false,3256.1340155507455
PC2,false,2211.4838033704978
PC3,false,150.8481696517701
