Predictor variable,Categorical,Sample average
PC1,false,4080.8056649960085
PC2,false,-1864.7118884601439
PC3,false,-527.6057719209049
