X,Y,Test or train,Raw prediction,Cumulative prediction,Logistic prediction
0.9082,38.1222,train,0.16181883518418066,100.0,0.7863436328327992
54.0519,58.7264,train,0.01834947608382991,17.920081908333582,0.29445352573731204
0.7017,37.6501,train,0.16181883518418066,100.0,0.7863436328327992
10.7628,36.5256,train,0.028555222299799406,25.344248571662554,0.39374131246313765
0.96,38.4215,train,0.16181883518418066,100.0,0.7863436328327992
