Predictor variable,Categorical,Sample average
PC1,false,1453.7215059553523
PC2,false,3770.2129026948996
PC3,false,-596.1459603716291
