species,X,Y,PC1,PC2,PC3
insect.M.distribution200t1.2_PA2_RUN1,0.9082,38.1222,2146.32939497033,4429.11149217065,-924.465358309591
insect.M.distribution200t1.2_PA2_RUN1,54.0519,58.7264,4237.81743029509,2267.66438373944,-407.569376228028
insect.M.distribution200t1.2_PA2_RUN1,0.7017,37.6501,2146.32939497033,4429.11149217065,-924.465358309591
insect.M.distribution200t1.2_PA2_RUN1,10.7628,36.5256,-3408.19808542932,3296.06565322311,200.235649298655
insect.M.distribution200t1.2_PA2_RUN1,0.96,38.4215,2146.32939497033,4429.11149217065,-924.465358309591
