Predictor variable,Categorical,Sample average
PC1,false,3564.048280001703
PC2,false,-3430.23498511496
PC3,false,-372.94286952068967
