Predictor variable,Categorical,Sample average
PC1,false,1872.247951937067
PC2,false,-1168.716660891545
PC3,false,-423.0648226647777
