X,Y,Test or train,Raw prediction,Cumulative prediction,Logistic prediction
8.3977,34.0762,train,0.02775299508562421,95.3676236575531,0.6166905551516872
-32.0802,-45.4725,train,0.014222302687416057,32.00481680173465,0.4518973171384144
102.3723,-58.511,train,0.017338965939765052,59.62009565283895,0.5012843280715482
10.7859,32.6553,train,0.02314289305415075,83.35876823982838,0.5729429962682215
102.2257,-58.5488,train,0.017338965939765052,59.62009565283895,0.5012843280715482
1.5912,-50.8041,train,0.013427049975174646,23.51491509828595,0.4376886998785805
11.9309,35.4279,train,0.026317176497896253,92.97824942214473,0.6040580787470877
102.3523,-58.5012,train,0.017338965939765052,59.62009565283895,0.5012843280715482
102.2298,-58.5503,train,0.017338965939765052,59.62009565283895,0.5012843280715482
