Predictor variable,Categorical,Sample average
PC1,false,-1149.993796527942
PC2,false,-177.00745182189672
PC3,false,217.8323893945737
