Predictor variable,Categorical,Sample average
PC1,false,2820.6092512068576
PC2,false,846.7760548664447
PC3,false,-282.70810977465834
