Predictor variable,Categorical,Sample average
PC1,false,8864.926807874708
PC2,false,6102.360638482599
PC3,false,83.42377234563502
