Predictor variable,Categorical,Sample average
PC1,false,1447.1353597950017
PC2,false,1910.3527605508748
PC3,false,-481.5131258724115
