X,Y,Test or train,Raw prediction,Cumulative prediction,Logistic prediction
73.899,42.4236,train,0.02009522237979851,69.08958648240129,0.5367499458782449
31.9863,-31.4955,train,0.01551235000369357,38.183944692062894,0.4721338406927957
75.5176,40.162,train,0.029849903057253997,95.44112171122579,0.6325018478997305
9.177,40.6294,train,0.01429078966557424,31.571061581904218,0.4517502397263957
113.0814,60.9084,train,0.03226704124737422,97.90884363134428,0.6504071987357923
74.5215,42.7568,train,0.023081060094537517,85.01623286044511,0.5709665237813877
17.5927,37.0722,train,0.013425234568423724,22.178664056561107,0.43632741965717536
