species,X,Y,PC1,PC2,PC3
insect.M.distribution170t3.2_PA2_RUN2,73.899,42.4236,-621.792380770041,1782.81127661767,-419.977699933142
insect.M.distribution170t3.2_PA2_RUN2,31.9863,-31.4955,367.037169981192,-72.0972186123871,625.761808620969
insect.M.distribution170t3.2_PA2_RUN2,75.5176,40.162,-27.2168481925348,8049.72122879738,-224.776076021088
insect.M.distribution170t3.2_PA2_RUN2,9.177,40.6294,4784.74255241715,-2352.13672236822,-493.716273474724
insect.M.distribution170t3.2_PA2_RUN2,9.177,40.6294,4784.74255241715,-2352.13672236822,-493.716273474724
insect.M.distribution170t3.2_PA2_RUN2,113.0814,60.9084,2134.75576079208,5775.277105785,-1819.75254975849
insect.M.distribution170t3.2_PA2_RUN2,74.5215,42.7568,-575.438684959875,3317.06121331651,-515.367262597343
insect.M.distribution170t3.2_PA2_RUN2,17.5927,37.0722,4067.85994929704,-3128.16755967983,-522.763827943062
