Predictor variable,Categorical,Sample average
PC1,false,-389.35244233352586
PC2,false,-11.622367247324503
PC3,false,393.73578709088855
