Predictor variable,Categorical,Sample average
PC1,false,-2727.6436874913106
PC2,false,1225.2689801480888
PC3,false,-171.27571134957648
