Predictor variable,Categorical,Sample average
PC1,false,-1998.4853447574917
PC2,false,553.6513538639945
PC3,false,-395.7010750531621
