Predictor variable,Categorical,Sample average
PC1,false,2608.9845830734457
PC2,false,1650.2707763221638
PC3,false,-349.26049031085466
