Predictor variable,Categorical,Sample average
PC1,false,-359.3036834982969
PC2,false,1541.3356424665574
PC3,false,31.07505928747827
