Predictor variable,Categorical,Sample average
PC1,false,3620.7333926353754
PC2,false,-639.6933757773304
PC3,false,919.8910460163712
