Predictor variable,Categorical,Sample average
PC1,false,-823.656385943017
PC2,false,1303.1305587672662
PC3,false,1196.7766397942419
