X,Y,Test or train,Raw prediction,Cumulative prediction,Logistic prediction
1.3308,35.7007,train,0.024536372575875934,92.64792508216729,0.5750814879178618
-40.8758,36.1436,train,0.01580200063197345,27.069324471360055,0.46570251469022533
77.9262,56.7389,train,0.02013777556386731,51.70075003829016,0.526239660309436
-40.7807,36.1015,train,0.01580200063197345,27.069324471360055,0.46570251469022533
57.2682,40.9914,train,0.024386411092372634,85.35305175246252,0.5735827228897477
-51.6012,-1.9385,train,0.015740178153736052,26.943338708763935,0.46472726000574616
30.9553,36.0985,train,0.02415512828475865,66.64008111686583,0.571250364497684
