species,X,Y,PC1,PC2,PC3
insect.M.distribution90t3.2_PA2_RUN2,1.3308,35.7007,2061.96034648044,3152.93257998242,-378.89499606391
insect.M.distribution90t3.2_PA2_RUN2,-40.8758,36.1436,-9014.99921776721,-538.857682459256,5314.98819886046
insect.M.distribution90t3.2_PA2_RUN2,77.9262,56.7389,-11803.9943480123,1495.40119844458,-1990.16467125326
insect.M.distribution90t3.2_PA2_RUN2,-40.7807,36.1015,-9014.99921776721,-538.857682459256,5314.98819886046
insect.M.distribution90t3.2_PA2_RUN2,57.2682,40.9914,6073.9907692815,3101.49690177943,263.562732880721
insect.M.distribution90t3.2_PA2_RUN2,-40.8758,36.1436,-9014.99921776721,-538.857682459256,5314.98819886046
insect.M.distribution90t3.2_PA2_RUN2,-51.6012,-1.9385,10399.7576328459,-571.746618165646,-225.954910678875
insect.M.distribution90t3.2_PA2_RUN2,30.9553,36.0985,5532.68933333776,3021.54521424859,78.9119259540962
