X,Y,Test or train,Raw prediction,Cumulative prediction,Logistic prediction
-54.1515,36.6608,train,0.05197299320698692,49.99619838193892,0.5635492226152383
-168.9006,-56.5336,train,0.04025141438921147,33.731420685771155,0.5000000000000172
