Predictor variable,Categorical,Sample average
PC1,false,1067.369270509523
PC2,false,1981.631826242568
PC3,false,-349.9854256491361
