Predictor variable,Categorical,Sample average
PC1,false,3263.0905269852365
PC2,false,-711.7796378343315
PC3,false,-322.24008003633867
