X,Y,Test or train,Raw prediction,Cumulative prediction,Logistic prediction
-54.1515,36.6608,train,0.045634220653932626,45.608987160263396,0.5546612434962878
-168.9006,-56.5336,train,0.03663981812022203,33.84942151581249,0.5000000000000221
