X,Y,Test or train,Raw prediction,Cumulative prediction,Logistic prediction
21.0529,15.1588,train,0.020518688885904288,78.15709798610592,0.5439692800463968
19.9887,13.6431,train,0.020435218598627923,78.00319570709742,0.5429579034980808
19.8917,13.6869,train,0.020435218598627923,78.00319570709742,0.5429579034980808
33.0864,30.6038,train,0.01914240118039188,71.81153239141737,0.5267001539302594
31.8405,45.1568,train,0.014630030078796577,26.887257369501462,0.4596064095088923
27.1721,18.9361,train,0.018063585100998196,59.96404558878222,0.5122211939180585
22.0961,15.8468,train,0.020612600032941873,78.33025109275674,0.5451018267114609
