Predictor variable,Categorical,Sample average
PC1,false,3573.8845259457735
PC2,false,-638.8477697881472
PC3,false,833.6730426230786
