Predictor variable,Categorical,Sample average
PC1,false,2453.6955620873628
PC2,false,-2829.864204898299
PC3,false,786.3211041342296
