Predictor variable,Categorical,Sample average
PC1,false,2563.222376203735
PC2,false,-2381.93787694217
PC3,false,741.8830337314992
