Predictor variable,Categorical,Sample average
PC1,false,555.4939346117027
PC2,false,-227.2939837075996
PC3,false,0.7464547254806484
