Predictor variable,Categorical,Sample average
PC1,false,1989.992350624136
PC2,false,-2850.6993182356923
PC3,false,897.2768874945992
