Predictor variable,Categorical,Sample average
PC1,false,1260.8682424541107
PC2,false,2305.1787518429824
PC3,false,-431.7160323314257
