Predictor variable,Categorical,Sample average
PC1,false,5809.862285311339
PC2,false,-5745.505654625599
PC3,false,105.017209681413
