Predictor variable,Categorical,Sample average
PC1,false,8706.140492939701
PC2,false,4812.348244145058
PC3,false,-5.30058512602924
