Predictor variable,Categorical,Sample average
PC1,false,5128.045721217083
PC2,false,-4337.57570912625
PC3,false,655.7578094729463
