Predictor variable,Categorical,Sample average
PC1,false,4931.239112859447
PC2,false,-8187.177434069706
PC3,false,-10.422631030962407
