X,Y,Test or train,Raw prediction,Cumulative prediction,Logistic prediction
94.3441,39.1797,train,0.05929652101417982,99.98710903800124,0.7631668664065233
98.1107,46.2216,train,0.057653898032072895,99.40700282502078,0.7580518083368107
4.6553,32.7977,train,0.009615053927233361,6.58767741761263,0.34319243315639053
