species,X,Y,PC1,PC2,PC3
insect.M.distribution110t1.2_PA2_RUN2,94.3441,39.1797,7486.32111888308,-14192.9094871278,96.3771138975818
insect.M.distribution110t1.2_PA2_RUN2,98.1107,46.2216,-738.387560318606,-13761.5386375202,500.961173912824
insect.M.distribution110t1.2_PA2_RUN2,4.6553,32.7977,8045.78378001387,3392.91582243888,-628.606180903293
