X,Y,Test or train,Raw prediction,Cumulative prediction,Logistic prediction
-54.1515,36.6608,train,0.08266136461580896,100.0,0.7640633891084672
-49.2426,40.4999,train,0.053514401681437423,88.39333133148463,0.6770584097941966
1.2062,33.6762,train,0.016457722472720256,23.974404485454578,0.3920102788749005
