Predictor variable,Categorical,Sample average
PC1,false,723.4296605403655
PC2,false,1943.34171154057
PC3,false,959.1566514962495
