X,Y,Test or train,Raw prediction,Cumulative prediction,Logistic prediction
-16.8466,26.3714,train,0.02098391838528348,41.879077031443025,0.41943499967623926
80.099,49.5909,train,0.06720886550960022,78.00249172953015,0.6982452101897454
119.9502,35.456,train,0.030194815123869678,59.17564548382731,0.509703949021166
86.7886,54.2751,train,0.0841354634071353,81.31488780907715,0.7433738272572057
88.8679,53.214,train,0.08554571460381025,81.59087242983848,0.7465320855389377
5.6479,39.2556,train,0.013446411739940099,20.504666912754665,0.3164494129794992
