Predictor variable,Categorical,Sample average
PC1,false,-1953.696155584202
PC2,false,1561.4939945410724
PC3,false,-531.5543278207396
