species,X,Y,PC1,PC2,PC3
insect.M.distribution190t1.2_PA2_RUN2,-16.8466,26.3714,1557.36958058335,3422.6005984922,-347.75267589859
insect.M.distribution190t1.2_PA2_RUN2,80.099,49.5909,-5205.85702672177,9081.61222081273,-656.361665159902
insect.M.distribution190t1.2_PA2_RUN2,119.9502,35.456,-222.801896300392,-1850.27716908205,-461.412031820515
insect.M.distribution190t1.2_PA2_RUN2,86.7886,54.2751,-6321.49172219633,690.561883365664,-725.651465221938
insect.M.distribution190t1.2_PA2_RUN2,88.8679,53.214,-6406.69456736829,1139.01541004369,-730.643262531605
insect.M.distribution190t1.2_PA2_RUN2,5.6479,39.2556,4877.29869849822,-3114.5489763858,-267.504866291887
