X,Y,Test or train,Raw prediction,Cumulative prediction,Logistic prediction
-16.8466,26.3714,train,0.017363823696572977,57.10378846576533,0.48960681058055905
119.9502,35.456,train,0.017986160829551363,62.41124744820751,0.49840873753678017
86.7886,54.2751,train,0.019520567662064153,80.53959690693253,0.5188662814655621
-16.8387,26.3694,train,0.017363823696572977,57.10378846576533,0.48960681058055905
5.4932,38.0514,train,0.016939159615355373,46.267793677067246,0.4834211767067257
88.8679,53.214,train,0.01955078049316996,80.59791987193017,0.5192523563883245
5.5037,38.0611,train,0.016939159615355373,46.267793677067246,0.4834211767067257
71.1641,54.9237,train,0.021766992545563687,89.58579198809815,0.5459765130223575
91.1261,52.5863,train,0.02199981868692456,89.65792899880584,0.5486125817089343
