Predictor variable,Categorical,Sample average
PC1,false,-1027.0303140756591
PC2,false,819.1789523282404
PC3,false,-593.075817577832
