Predictor variable,Categorical,Sample average
PC1,false,8200.000923112077
PC2,false,-1668.2917373922141
PC3,false,-442.96207945674666
