Raw value,Corresponding cumulative value,Corresponding Logistic value,Fractional area,Training omission,Test omission
7.87599E-2,7.875988306,0.094010484,0.033333333,0.055555556,0
9.2124E-1,100,0.548273048,0.016666667,0.055555556,0
1E0,100,0.568499086,0,0.055555556,0
