Predictor variable,Categorical,Sample average
PC1,false,2488.8704729557207
PC2,false,1550.8507688886987
PC3,false,-288.45860878582096
