X,Y,Test or train,Raw prediction,Cumulative prediction,Logistic prediction
-3.1882,-58.9868,train,0.056882170051794766,79.06312144985371,0.7123810622950305
72.2225,53.8274,train,0.07639342777534516,93.5272812334439,0.7688610518348182
64.1849,55.1534,train,0.049931934841862646,71.61617066313735,0.684958814928047
-18.0572,5.0463,train,0.03522441439362053,65.19708713014418,0.6053324374549481
89.7819,22.4683,train,0.007512464705198577,3.719727494698704,0.24648610469553986
