Predictor variable,Categorical,Sample average
PC1,false,11036.235412727941
PC2,false,572.5405357134264
PC3,false,-53.430887900287146
