Predictor variable,Categorical,Sample average
PC1,false,3024.907407642363
PC2,false,-2121.879947236147
PC3,false,-439.2958510638312
