Predictor variable,Categorical,Sample average
PC1,false,5985.211905745012
PC2,false,-3594.4510306012994
PC3,false,424.70814746156634
