Predictor variable,Categorical,Sample average
PC1,false,807.951732900478
PC2,false,-1162.669286844704
PC3,false,-575.9992655750743
