Predictor variable,Categorical,Sample average
PC1,false,2155.3817592688783
PC2,false,-2709.4260086552686
PC3,false,903.5437800971924
