species,X,Y,PC1,PC2,PC3
insect.M.distribution80t3.1_PA1_RUN1,-149.36,-59.8952,-5896.50764176727,2836.67418246416,-1807.30940267561
