Predictor variable,Categorical,Sample average
PC1,false,2670.577813201997
PC2,false,-3090.285344722945
PC3,false,775.697394342938
