X,Y,Test or train,Raw prediction,Cumulative prediction,Logistic prediction
0.9082,38.1222,train,0.14625966061043713,100.0,0.8316910506364
54.0519,58.7264,train,0.02774675391127361,42.93800654063025,0.4838543856757756
0.7017,37.6501,train,0.14625966061043713,100.0,0.8316910506364
0.8588,38.3662,train,0.14625966061043713,100.0,0.8316910506364
85.465,58.0811,train,0.006382732625936732,6.2013955389487645,0.17739059171564897
