species,X,Y,PC1,PC2,PC3
insect.M.distribution200t1.3_PA1_RUN1,0.9082,38.1222,2146.32939497033,4429.11149217065,-924.465358309591
insect.M.distribution200t1.3_PA1_RUN1,54.0519,58.7264,4237.81743029509,2267.66438373944,-407.569376228028
insect.M.distribution200t1.3_PA1_RUN1,0.7017,37.6501,2146.32939497033,4429.11149217065,-924.465358309591
insect.M.distribution200t1.3_PA1_RUN1,0.8588,38.3662,2146.32939497033,4429.11149217065,-924.465358309591
insect.M.distribution200t1.3_PA1_RUN1,85.465,58.0811,-3027.49175343705,630.450593238965,86.9141588687024
