Predictor variable,Categorical,Sample average
PC1,false,-818.075851689612
PC2,false,483.49636362901083
PC3,false,362.27857221394464
