Predictor variable,Categorical,Sample average
PC1,false,2575.8898611991713
PC2,false,-1212.1169704903036
PC3,false,66.02276757312248
