X,Y,Test or train,Raw prediction,Cumulative prediction,Logistic prediction
31.9863,-31.4955,train,0.016666666666666666,1.6666633336733327,0.5000000000000003
9.177,40.6294,train,0.016666666666666666,1.6666633336733327,0.5000000000000003
