Predictor variable,Categorical,Sample average
PC1,false,4531.882720039725
PC2,false,-1615.79841650255
PC3,false,-441.2095873163199
