Predictor variable,Categorical,Sample average
PC1,false,803.2144993261676
PC2,false,994.5908884535068
PC3,false,721.4531632749156
