Predictor variable,Categorical,Sample average
PC1,false,745.891931575785
PC2,false,1615.78919716221
PC3,false,-275.79709923618327
