X,Y,Test or train,Raw prediction,Cumulative prediction,Logistic prediction
-41.8379,-40.0989,train,0.016666666666666666,1.6666633336733327,0.5000000000000003
73.5722,59.7387,train,0.016666666666666666,1.6666633336733327,0.5000000000000003
2.0269,34.1346,train,0.016666666666666666,1.6666633336733327,0.5000000000000003
