Predictor variable,Categorical,Sample average
PC1,false,-1773.3767731997195
PC2,false,628.2733436580035
PC3,false,472.06973269750534
