species,X,Y,PC1,PC2,PC3
insect.M.distribution100t1.1_PA1_RUN1,-41.8379,-40.0989,8768.59722964418,-3386.45716770456,-360.074884518718
insect.M.distribution100t1.1_PA1_RUN1,73.5722,59.7387,-17234.803983665,1170.85408779692,1882.08364814858
insect.M.distribution100t1.1_PA1_RUN1,2.0269,34.1346,3146.07643442166,4100.42311088165,-105.799565537346
