Predictor variable,Categorical,Sample average
PC1,false,1010.3333455436557
PC2,false,1453.6772734026888
PC3,false,166.08935081514093
