Predictor variable,Categorical,Sample average
PC1,false,5126.577449990392
PC2,false,3715.7614047026404
PC3,false,575.062568188363
