X,Y,Test or train,Raw prediction,Cumulative prediction,Logistic prediction
123.8358,-60.614,train,0.016853506300209473,57.01797030749057,0.493897434307659
102.1091,51.5068,train,0.027570058643438825,92.81953532826982,0.6148534778096215
100.9356,46.8891,train,0.037341955622626835,94.83332297573311,0.6837690278685936
17.398,41.9086,train,0.013987200885381338,23.757436472961558,0.4474874859164494
-7.1929,-7.392,train,0.021333629782323144,91.53433658463611,0.55263291344932
12.1923,17.0014,train,0.013642051644845821,6.596689526906206,0.4413183920418011
