Predictor variable,Categorical,Sample average
PC1,false,3760.0269720988795
PC2,false,-3388.74697557092
PC3,false,-880.1898478527121
