Predictor variable,Categorical,Sample average
PC1,false,1836.8111519493593
PC2,false,258.10902735110596
PC3,false,-400.70348378191926
