X,Y,Test or train,Raw prediction,Cumulative prediction,Logistic prediction
73.899,42.4236,train,0.016666666666666666,1.6666633336733327,0.5000000000000003
31.9863,-31.4955,train,0.016666666666666666,1.6666633336733327,0.5000000000000003
19.7184,43.5586,train,0.016666666666666666,1.6666633336733327,0.5000000000000003
10.7649,37.8912,train,0.016666666666666666,1.6666633336733327,0.5000000000000003
113.0814,60.9084,train,0.016666666666666666,1.6666633336733327,0.5000000000000003
74.5215,42.7568,train,0.016666666666666666,1.6666633336733327,0.5000000000000003
9.6866,41.3584,train,0.016666666666666666,1.6666633336733327,0.5000000000000003
