Predictor variable,Categorical,Sample average
PC1,false,1140.0059807377402
PC2,false,919.2684578802105
PC3,false,-429.390359087862
