Predictor variable,Categorical,Sample average
PC1,false,3411.2425372603
PC2,false,-1393.4590102115544
PC3,false,-330.6696056773993
