X,Y,Test or train,Raw prediction,Cumulative prediction,Logistic prediction
8.3977,34.0762,train,0.10781354140337272,100.0,0.841346723569579
102.3723,-58.511,train,0.010191801732290314,11.918496810645415,0.3339136387852477
10.7859,32.6553,train,0.027791278517003092,78.6421670682243,0.5775201702236916
91.6036,28.9099,train,0.02613773203715086,73.91115666629958,0.5624864470840746
10.7666,32.6534,train,0.027791278517003092,78.6421670682243,0.5775201702236916
29.5466,40.7095,train,0.08426360045139177,100.0,0.805625048413319
102.2257,-58.5488,train,0.010191801732290314,11.918496810645415,0.3339136387852477
