Predictor variable,Categorical,Sample average
PC1,false,-3140.987344561384
PC2,false,2100.3139598183243
PC3,false,1221.6205906298057
