Raw value,Corresponding cumulative value,Corresponding Logistic value,Fractional area,Training omission,Test omission
1.88295E-4,0.018829539,0.0001886,0.033333333,0.517241379,0
9.99812E-1,100,0.500403767,0.016666667,0.517241379,0
1E0,100,0.500450845,0,0.517241379,0
