Predictor variable,Categorical,Sample average
PC1,false,4063.945679114092
PC2,false,-2395.6173665829965
PC3,false,-890.7953080847251
