Predictor variable,Categorical,Sample average
PC1,false,3471.7111995382897
PC2,false,950.0754757351091
PC3,false,485.6758749504445
