Predictor variable,Categorical,Sample average
PC1,false,3181.363730254891
PC2,false,503.61152407189974
PC3,false,-308.69856531018064
