Predictor variable,Categorical,Sample average
PC1,false,491.60084332443876
PC2,false,1678.130052990183
PC3,false,-42.625418862207844
