Predictor variable,Categorical,Sample average
PC1,false,4008.0261399544834
PC2,false,-2788.8266169024296
PC3,false,-807.5459530958362
