X,Y,Test or train,Raw prediction,Cumulative prediction,Logistic prediction
9.9701,40.4731,train,0.020300017604780417,71.752285421343,0.537055471744002
102.1091,51.5068,train,0.017498717635540704,30.836257631372337,0.49999999949554247
