Predictor variable,Categorical,Sample average
PC1,false,10015.739637826005
PC2,false,3204.267677909005
PC3,false,-446.82349305904404
