X,Y,Test or train,Raw prediction,Cumulative prediction,Logistic prediction
0.9082,38.1222,train,0.09888412998114925,100.0,0.7793282121345549
54.0519,58.7264,train,0.025325220344635517,39.72718208631802,0.47492300759030914
0.8588,38.3662,train,0.09888412998114925,100.0,0.7793282121345549
85.465,58.0811,train,0.00849363788028642,7.864010278751204,0.23274503963843796
0.96,38.4215,train,0.09888412998114925,100.0,0.7793282121345549
