Predictor variable,Categorical,Sample average
PC1,false,1529.8627723538061
PC2,false,3237.0898906980715
PC3,false,-618.8102584576197
