Predictor variable,Categorical,Sample average
PC1,false,3106.1693878451015
PC2,false,-3637.1318418354435
PC3,false,-758.1137974172905
