X,Y,Test or train,Raw prediction,Cumulative prediction,Logistic prediction
-8.8925,-67.8316,train,0.0315987538934291,61.20482254623849,0.5754631694126205
17.5665,16.2724,train,0.014145702887494411,31.786503542027084,0.37765105012428796
-18.7637,-51.8269,train,0.029566270185558335,60.28025089159936,0.5591450396789949
-5.9533,-68.7697,train,0.060405828506513784,85.94560671578898,0.7215462250071973
84.5325,38.9042,train,0.042374426544812514,72.38450220523751,0.6451079048006615
