species,X,Y,PC1,PC2,PC3
insect.M.distribution240t1.2_PA1_RUN1,-8.8925,-67.8316,1525.00085457022,-2581.31157556775,-1660.46251966807
insect.M.distribution240t1.2_PA1_RUN1,17.5665,16.2724,4205.80413786475,-1417.80625368528,633.448547942829
insect.M.distribution240t1.2_PA1_RUN1,-18.7637,-51.8269,6911.63790224668,-2801.78825276737,-1182.19620820936
insect.M.distribution240t1.2_PA1_RUN1,-5.9533,-68.7697,463.043092184387,-5257.05331138557,-1926.95612935801
insect.M.distribution240t1.2_PA1_RUN1,84.5325,38.9042,2425.36095235947,-6127.69981577125,345.597322206159
