Predictor variable,Categorical,Sample average
PC1,false,11308.68782377732
PC2,false,-616.7606413235515
PC3,false,209.56814914915608
