Predictor variable,Categorical,Sample average
PC1,false,4030.3901627881683
PC2,false,-1413.362577754946
PC3,false,782.7994979037356
