X,Y,Test or train,Raw prediction,Cumulative prediction,Logistic prediction
21.0529,15.1588,train,0.04391625358058137,84.46643758963427,0.66485368856807
19.9887,13.6431,train,0.056732447547163146,95.4492841114487,0.7193140526197722
19.8917,13.6869,train,0.056732447547163146,95.4492841114487,0.7193140526197722
33.0864,30.6038,train,0.009237090701905674,8.569460666735244,0.29441068037180634
27.1721,18.9361,train,0.016368448124401743,32.574168899199975,0.4250859681258714
19.8725,13.7334,train,0.056732447547163146,95.4492841114487,0.7193140526197722
53.1845,-52.0881,train,0.020208335728475465,51.28297960317304,0.4772184092471248
20.3082,15.5946,train,0.04007187464266032,81.49263312528231,0.6441425968034092
19.912,13.6439,train,0.056732447547163146,95.4492841114487,0.7193140526197722
