X,Y,Test or train,Raw prediction,Cumulative prediction,Logistic prediction
-149.36,-59.8952,train,0.40402673421731744,100.0,0.8703609434397107
6.63,34.3489,train,0.07433612635098318,60.62701251224559,0.5526218913052916
