Raw value,Corresponding cumulative value,Corresponding Logistic value,Fractional area,Training omission,Test omission
4.29021E-2,4.290213978,0.048717467,0.033333333,0.210526316,0
9.57098E-1,100,0.533253455,0.016666667,0.210526316,0
1E0,100,0.544149741,0,0.210526316,0
