Predictor variable,Categorical,Sample average
PC1,false,1031.600461056056
PC2,false,1285.1207326386086
PC3,false,292.7197702302563
