Predictor variable,Categorical,Sample average
PC1,false,5.151065771213367
PC2,false,117.98561210443391
PC3,false,-18.38997435581996
