Predictor variable,Categorical,Sample average
PC1,false,11108.111812539128
PC2,false,-903.7423591453557
PC3,false,275.6404814535136
