Raw value,Corresponding cumulative value,Corresponding Logistic value,Fractional area,Training omission,Test omission
2.00135E-2,2.001349995,0.053967223,0.1,0.272727273,0
2.96247E-2,4.963817595,0.077866103,0.083333333,0.272727273,0
6.33296E-2,11.296779673,0.152910416,0.066666667,0.272727273,0
6.95596E-2,18.252739372,0.165463827,0.05,0.272727273,0
1.19445E-1,30.197205317,0.253988084,0.033333333,0.272727273,0
6.98028E-1,100,0.665511131,0.016666667,0.272727273,0
1E0,100,0.740284524,0,0.272727273,0
