Predictor variable,Categorical,Sample average
PC1,false,3121.2662777553674
PC2,false,-592.5170139219676
PC3,false,-158.11842318937542
