X,Y,Test or train,Raw prediction,Cumulative prediction,Logistic prediction
123.8358,-60.614,train,0.017915269084278825,57.76815171457754,0.5053475440947556
102.1091,51.5068,train,0.04361467724081979,100.0,0.7132316159467814
