Predictor variable,Categorical,Sample average
PC1,false,-1417.1742725122815
PC2,false,-541.2274115591433
PC3,false,655.4196226100412
