X,Y,Test or train,Raw prediction,Cumulative prediction,Logistic prediction
8.3977,34.0762,train,0.027099582059051358,95.14240040185997,0.6115526600831733
-32.0802,-45.4725,train,0.01414407840443372,26.87741013094575,0.45106246995703675
102.3723,-58.511,train,0.01715027360104699,63.67109204470047,0.49908481990693826
10.7859,32.6553,train,0.022710731855615198,84.97339065656945,0.5688504926753449
10.7666,32.6534,train,0.022710731855615198,84.97339065656945,0.5688504926753449
1.5912,-50.8041,train,0.013374260108870415,17.155859932876528,0.4372469209784157
11.9309,35.4279,train,0.025734983717092524,92.7600003378539,0.5992104628812723
-20.1369,14.1948,train,0.014809494416255271,32.58171164904718,0.4624691350892588
102.2298,-58.5503,train,0.01715027360104699,63.67109204470047,0.49908481990693826
