Predictor variable,Categorical,Sample average
PC1,false,3515.909450337344
PC2,false,-901.2492022940205
PC3,false,-282.8262545837507
