X,Y,Test or train,Raw prediction,Cumulative prediction,Logistic prediction
-8.8925,-67.8316,train,0.027700906685641125,65.87296699793573,0.5844750874603865
17.5665,16.2724,train,0.013584187375912332,19.566770036153613,0.40820588363927
-7.7689,-68.1295,train,0.028875096908925025,71.44102458583339,0.5945207619594753
20.186,5.5223,train,0.028412019091367258,68.63103637994048,0.5906175079138781
-37.9346,-51.1023,train,0.03333508704746247,97.90617975814601,0.6286236901311761
