Predictor variable,Categorical,Sample average
PC1,false,3779.9401318703185
PC2,false,-1231.0344275916566
PC3,false,791.6914087517048
