Predictor variable,Categorical,Sample average
PC1,false,-2120.4077257102717
PC2,false,443.42946209492004
PC3,false,1028.750316907289
