X,Y,Test or train,Raw prediction,Cumulative prediction,Logistic prediction
15.5624,35.4876,train,0.03120301589945503,89.46931050406876,0.6359463926341405
-32.0802,-45.4725,train,0.012494876572218242,24.697258069327287,0.411593233099797
10.7859,32.6553,train,0.022472645109612267,75.93482609541228,0.5571484686524898
91.6036,28.9099,train,0.01946780346202156,66.86311611523,0.5215018268773742
10.7666,32.6534,train,0.022472645109612267,75.93482609541228,0.5571484686524898
