Predictor variable,Categorical,Sample average
PC1,false,4518.404818886315
PC2,false,-2406.7675898581597
PC3,false,-685.7902999401848
