Predictor variable,Categorical,Sample average
PC1,false,1204.4939290320542
PC2,false,1474.1169976324468
PC3,false,263.1469378505136
