Predictor variable,Categorical,Sample average
PC1,false,-2444.198002784687
PC2,false,-206.07743720775832
PC3,false,192.3140585131829
