Predictor variable,Categorical,Sample average
PC1,false,-1240.6993642613668
PC2,false,-785.472298235909
PC3,false,0.6957560707984853
