Raw value,Corresponding cumulative value,Corresponding Logistic value,Fractional area,Training omission,Test omission
2.63158E-2,2.631578945,0.052939702,0.05,0.315789474,0
3.42866E-1,36.918222655,0.421397941,0.033333333,0.315789474,0
6.30818E-1,100,0.572642012,0.016666667,0.315789474,0
1E0,100,0.679914077,0,0.315789474,0
