Predictor variable,Categorical,Sample average
PC1,false,3075.518959349863
PC2,false,-94.8171016247399
PC3,false,-206.8433520923182
