X,Y,Test or train,Raw prediction,Cumulative prediction,Logistic prediction
-16.8466,26.3714,train,0.01753883076351615,52.02936957756647,0.4902680882878044
80.099,49.5909,train,0.019554458455839672,69.00615894307076,0.5174562592004123
119.9502,35.456,train,0.01825579809634044,53.695735523743885,0.5002832115067429
88.8679,53.214,train,0.0200732462426427,70.5326283977452,0.5239910652075944
5.6479,39.2556,train,0.017049649168530048,44.442185135788755,0.4832012599279825
5.4924,38.0538,train,0.017051614818942296,44.46760238265977,0.4832300482363504
62.595,55.1597,train,0.02210573851754394,75.31481802689403,0.5479738039831471
5.5037,38.0611,train,0.017051614818942296,44.46760238265977,0.4832300482363504
71.1641,54.9237,train,0.02268178405484838,76.26113476060594,0.5543376192082142
