Predictor variable,Categorical,Sample average
PC1,false,-169.4840138762414
PC2,false,234.21377168849216
PC3,false,-564.536227460471
