X,Y,Test or train,Raw prediction,Cumulative prediction,Logistic prediction
-0.5947,35.4562,train,0.05317621698576473,95.1607879038865,0.7199413856577229
94.4103,-56.7947,train,0.012424793724776843,19.0296466632919,0.37525297826431886
94.353,-56.7876,train,0.012820888464383201,20.280047425563776,0.3826383722345664
10.1539,40.9589,train,0.046966836750070136,93.47996886688773,0.694236634324079
-0.5848,35.3176,train,0.05317621698576473,95.1607879038865,0.7199413856577229
