Predictor variable,Categorical,Sample average
PC1,false,-4992.388197006418
PC2,false,2810.359972517124
PC3,false,523.5683446358099
