Predictor variable,Categorical,Sample average
PC1,false,4439.430984379716
PC2,false,-2863.6254781026746
PC3,false,-738.2500781208917
