Predictor variable,Categorical,Sample average
PC1,false,926.7929983751887
PC2,false,2286.522693532093
PC3,false,-316.8919360049732
