Predictor variable,Categorical,Sample average
PC1,false,6689.8869290055645
PC2,false,-4764.134141856501
PC3,false,77.58850340837814
