Predictor variable,Categorical,Sample average
PC1,false,-1143.6657769393903
PC2,false,-943.7924665964114
PC3,false,63.20696951144371
