X,Y,Test or train,Raw prediction,Cumulative prediction,Logistic prediction
102.1091,51.5068,train,0.07825953430010738,45.503260379655565,0.5000000000815402
94.4457,45.9801,train,0.27269813350419314,73.51695701073528,0.7770114704434589
