X,Y,Test or train,Raw prediction,Cumulative prediction,Logistic prediction
25.7219,42.8766,train,0.020530479541161082,63.643397570689764,0.5394903975840978
-50.4376,32.5427,train,0.018876560617374145,53.89649834452789,0.5185668745788722
74.925,38.6494,train,0.016660710208963994,32.11651638463271,0.48736118162036224
