Predictor variable,Categorical,Sample average
PC1,false,3094.2699411420667
PC2,false,285.2492116051053
PC3,false,-29.270500006761
