species,X,Y,PC1,PC2,PC3
insect.M.distribution160t1.3_PA2_RUN1,25.7219,42.8766,4480.63578587144,1763.93881458167,-290.546377492741
insect.M.distribution160t1.3_PA2_RUN1,-50.4376,32.5427,3287.79080099646,-221.626470987557,-388.327533318722
insect.M.distribution160t1.3_PA2_RUN1,74.925,38.6494,1514.3832365583,-686.564708778797,591.06241079118
