X,Y,Test or train,Raw prediction,Cumulative prediction,Logistic prediction
-47.525,35.0639,train,0.03347429919214635,70.93973366105463,0.5316783156990379
-149.36,-59.8952,train,0.038276213439755305,72.7167210674995,0.5648658525727529
