Predictor variable,Categorical,Sample average
PC1,false,2020.697609001872
PC2,false,-3064.303095157145
PC3,false,783.571095259826
