X,Y,Test or train,Raw prediction,Cumulative prediction,Logistic prediction
20.2231,38.6193,train,0.01587487524012983,29.43974499708547,0.48714496050663886
8.7655,39.7378,train,0.015955652024707116,33.196898809225715,0.4884130616744223
84.879,59.8185,train,0.020920208552657228,100.0,0.5559019183427911
32.4277,-30.4923,train,0.016720253594974224,62.761258482485104,0.5001128991638233
91.3854,49.5669,train,0.019483883989419932,95.18024576587955,0.5382795674532321
