Predictor variable,Categorical,Sample average
PC1,false,-5719.7578049976555
PC2,false,850.7522341841501
PC3,false,233.78434560857195
