species,X,Y,PC1,PC2,PC3
insect.M.distribution180t1.2_PA1_RUN2,20.2231,38.6193,4004.05810117301,1543.94038716491,48.9485050528425
insect.M.distribution180t1.2_PA1_RUN2,8.7655,39.7378,3663.51629562774,3549.05260615633,-556.542031818546
insect.M.distribution180t1.2_PA1_RUN2,84.879,59.8185,-27048.7120605002,-433.778325973899,2795.64069744004
insect.M.distribution180t1.2_PA1_RUN2,32.4277,-30.4923,522.90918971302,1109.74844788059,-52.0732914502068
insect.M.distribution180t1.2_PA1_RUN2,91.3854,49.5669,-9740.56055100185,-1515.20194430718,-1067.05215118127
