Predictor variable,Categorical,Sample average
PC1,false,410.6874072960515
PC2,false,-169.12476625471834
PC3,false,-136.12907303765024
