Predictor variable,Categorical,Sample average
PC1,false,4484.30226838635
PC2,false,-2614.6532720406935
PC3,false,-704.8930088020219
