Predictor variable,Categorical,Sample average
PC1,false,-258.4224572407626
PC2,false,-262.95664833183724
PC3,false,-494.7326501417645
