Predictor variable,Categorical,Sample average
PC1,false,742.6271564971391
PC2,false,1921.335641622358
PC3,false,-138.94413716961438
