Raw value,Corresponding cumulative value,Corresponding Logistic value,Fractional area,Training omission,Test omission
2.57658E-2,2.576584672,0.041493283,0.05,0.466666667,0
1.38959E-1,16.472484233,0.189276835,0.033333333,0.466666667,0
8.35275E-1,100,0.583915117,0.016666667,0.466666667,0
1E0,100,0.626881255,0,0.466666667,0
