Predictor variable,Categorical,Sample average
PC1,false,11247.801041015819
PC2,false,-121.58451648727896
PC3,false,71.55202472462297
