Predictor variable,Categorical,Sample average
PC1,false,4753.164798124174
PC2,false,-1135.6552978653153
PC3,false,693.0850100206803
