Predictor variable,Categorical,Sample average
PC1,false,2600.4720180267846
PC2,false,-1885.063541673517
PC3,false,533.5507274064067
