Predictor variable,Categorical,Sample average
PC1,false,1895.98169884139
PC2,false,-1724.1601162876193
PC3,false,587.4910545010049
