Predictor variable,Categorical,Sample average
PC1,false,7066.076307371442
PC2,false,4042.2970119567117
PC3,false,215.4593147386492
