Predictor variable,Categorical,Sample average
PC1,false,11272.734775868148
PC2,false,-1121.7749003732422
PC3,false,375.54691142643713
