Predictor variable,Categorical,Sample average
PC1,false,3769.6990395727516
PC2,false,-178.16012804196396
PC3,false,560.5114839748618
