X,Y,Test or train,Raw prediction,Cumulative prediction,Logistic prediction
19.9887,13.6431,train,0.018320450066552845,98.10961426759717,0.5182598662918193
19.8917,13.6869,train,0.018320450066552845,98.10961426759717,0.5182598662918193
33.0864,30.6038,train,0.016705835838839292,12.388592068827503,0.49520318361474264
31.8405,45.1568,train,0.017868585838784746,50.781245002270715,0.5120222388523732
27.1721,18.9361,train,0.01810317911124739,86.96700926234988,0.515280640081911
53.1845,-52.0881,train,0.018025825846859668,69.13749482489035,0.5142110552125231
