Predictor variable,Categorical,Sample average
PC1,false,5484.779482174658
PC2,false,3688.798377504027
PC3,false,527.3891392399008
