X,Y,Test or train,Raw prediction,Cumulative prediction,Logistic prediction
123.8358,-60.614,train,0.022548876566358497,70.27652287948297,0.5543687811699344
102.1091,51.5068,train,0.06379174087890586,100.0,0.7787293383686099
100.9356,46.8891,train,0.06578695769224702,100.0,0.7839905400433905
-7.1929,-7.392,train,0.03386968288889976,95.95489410324876,0.6513942522466362
12.1923,17.0014,train,0.01107247125547519,14.017699009897697,0.3792141959056054
21.9358,2.6891,train,0.01048227451452493,9.313922194234129,0.3664072061696107
