X,Y,Test or train,Raw prediction,Cumulative prediction,Logistic prediction
67.6384,45.4558,train,0.015101039132168205,23.904141025426583,0.4266753865289467
-50.4376,32.5427,train,0.0223974985192118,50.903270427514514,0.5246692420008799
107.4503,23.1467,train,0.05355042506056861,100.0,0.7252055183789814
1.33,33.182,train,0.011639656276507251,15.211055205891233,0.36452578806350977
107.6313,38.225,train,0.06664892738985818,100.0,0.7666063330289647
85.1706,14.1666,train,0.014996012199885455,23.3979296973114,0.42496897918337617
73.422,40.7268,train,0.021297550779080982,44.991735059134314,0.5120976270549537
105.057,39.3726,train,0.06770068717923701,100.0,0.7693960652241829
7.8164,41.884,train,0.020974641918422483,43.60482757694116,0.5082797569272698
