Predictor variable,Categorical,Sample average
PC1,false,3071.7035207233707
PC2,false,-3108.1474514143265
PC3,false,-397.662224727342
