X,Y,Test or train,Raw prediction,Cumulative prediction,Logistic prediction
67.6384,45.4558,train,0.01852140096676738,34.16751769261606,0.5108620765136719
-50.4376,32.5427,train,0.018280843975985322,31.439973948177002,0.5075949169878039
107.4503,23.1467,train,0.017517572943562723,28.23447385323242,0.4969332423965828
