X,Y,Test or train,Raw prediction,Cumulative prediction,Logistic prediction
-47.525,35.0639,train,0.03803169782824369,78.87589116094209,0.5422250609303915
6.63,34.3489,train,0.04054001249689749,85.67024982310406,0.5580305571139966
