Predictor variable,Categorical,Sample average
PC1,false,8039.104839664029
PC2,false,4031.130064290001
PC3,false,52.931048394919216
