X,Y,Test or train,Raw prediction,Cumulative prediction,Logistic prediction
-54.1515,36.6608,train,0.05650840523128557,100.0,0.7094162609392711
-49.2426,40.4999,train,0.044754547971059405,91.09236541188085,0.6591153369984596
1.2062,33.6762,train,0.01709496681012015,28.42935550469585,0.42481092149151295
