Predictor variable,Categorical,Sample average
PC1,false,1996.6579943716201
PC2,false,-1635.552728717479
PC3,false,477.0406934373658
