Raw value,Corresponding cumulative value,Corresponding Logistic value,Fractional area,Training omission,Test omission
4.83611E-1,48.361063073,0.49153448,0.033333333,0.533333333,0
5.16389E-1,100,0.507928249,0.016666667,0.533333333,0
1E0,100,0.666547252,0,0.533333333,0
