Predictor variable,Categorical,Sample average
PC1,false,-1930.9460803309805
PC2,false,-1361.8265303586556
PC3,false,106.9076402306972
