X,Y,Test or train,Raw prediction,Cumulative prediction,Logistic prediction
67.6384,45.4558,train,0.017239043059013717,34.43025842841268,0.494624096085193
-50.4376,32.5427,train,0.018996698739345206,58.48614417871718,0.5188870122789582
107.4503,23.1467,train,0.019254797252186196,59.33698193366137,0.5222550448045316
