Predictor variable,Categorical,Sample average
PC1,false,2708.46480517249
PC2,false,-2967.621776013726
PC3,false,-352.8771211761143
