Predictor variable,Categorical,Sample average
PC1,false,1957.7814611339427
PC2,false,1374.076271711412
PC3,false,-337.23127982712595
