Predictor variable,Categorical,Sample average
PC1,false,5700.600182574112
PC2,false,-1675.827944009391
PC3,false,279.66891884536176
