Raw value,Corresponding cumulative value,Corresponding Logistic value,Fractional area,Training omission,Test omission
2.77778E-2,2.777777778,0.030572986,0.033333333,0.333333333,0
9.72222E-1,100,0.524669869,0.016666667,0.333333333,0
1E0,100,0.5316901,0,0.333333333,0
