Predictor variable,Categorical,Sample average
PC1,false,9226.51206326429
PC2,false,6481.558253813294
PC3,false,94.12237445565376
