Raw value,Corresponding cumulative value,Corresponding Logistic value,Fractional area,Training omission,Test omission
1.4181E-1,14.181049624,0.252738065,0.05,0.444444444,0
1.9587E-1,33.768061736,0.318407062,0.033333333,0.444444444,0
6.62319E-1,100,0.612348333,0.016666667,0.444444444,0
1E0,100,0.704579521,0,0.444444444,0
