Predictor variable,Categorical,Sample average
PC1,false,1821.6115558925671
PC2,false,-2627.132414081587
PC3,false,1007.9859977845429
