X,Y,Test or train,Raw prediction,Cumulative prediction,Logistic prediction
-149.36,-59.8952,train,0.3388501309405226,100.0,0.742047333828038
6.63,34.3489,train,0.11779207433999,49.54292761012178,0.5000000000035393
