Predictor variable,Categorical,Sample average
PC1,false,1485.6707050706068
PC2,false,1424.0362227926241
PC3,false,-239.5948687062986
