Predictor variable,Categorical,Sample average
PC1,false,746.3768653678136
PC2,false,-391.8980672230149
PC3,false,-420.32172738474225
