Predictor variable,Categorical,Sample average
PC1,false,3014.2195618429832
PC2,false,1680.669527346837
PC3,false,502.6696035577561
