Raw value,Corresponding cumulative value,Corresponding Logistic value,Fractional area,Training omission,Test omission
1.04029E-3,0.104029445,0.002086671,0.05,0.666666667,0
4.6447E-1,46.551067108,0.48283112,0.033333333,0.666666667,0
5.34489E-1,100,0.517920185,0.016666667,0.666666667,0
1E0,100,0.667778578,0,0.666666667,0
