Predictor variable,Categorical,Sample average
PC1,false,1377.5040715450614
PC2,false,1450.1245820809208
PC3,false,246.71705292808292
