Predictor variable,Categorical,Sample average
PC1,false,9510.060214776335
PC2,false,299.5054141706892
PC3,false,-602.7504179606235
