X,Y,Test or train,Raw prediction,Cumulative prediction,Logistic prediction
19.1228,40.1953,train,0.031119428266931693,52.94100365927328,0.5587457515044405
19.0675,40.1875,train,0.031119428266931693,52.94100365927328,0.5587457515044405
7.9496,42.4842,train,0.033856105106424686,61.56176310322929,0.5794120622116927
7.764,42.0,train,0.03386615284120174,61.57566117456469,0.5794843726244363
26.5077,43.1324,train,0.019997546359236472,26.831841682151804,0.4486443860996939
19.4402,40.2154,train,0.03103890204407056,52.86034703638062,0.5581068451208383
18.9409,40.1739,train,0.031119428266931693,52.94100365927328,0.5587457515044405
7.7644,42.0013,train,0.03386615284120174,61.57566117456469,0.5794843726244363
97.3914,45.5063,train,0.012774030378015017,12.35145563010175,0.3420111182297497
