X,Y,Test or train,Raw prediction,Cumulative prediction,Logistic prediction
21.0529,15.1588,train,0.04591786587299354,87.0433173202351,0.6622790796121667
19.9887,13.6431,train,0.05580157205784528,93.47812214116853,0.7044157705741279
19.8917,13.6869,train,0.05580157205784528,93.47812214116853,0.7044157705741279
31.8405,45.1568,train,0.016982535673960627,32.11616054258378,0.42038293400933213
