Predictor variable,Categorical,Sample average
PC1,false,5805.589223268572
PC2,false,-1577.549441549435
PC3,false,312.90735404431007
