X,Y,Test or train,Raw prediction,Cumulative prediction,Logistic prediction
15.5624,35.4876,train,0.019163200062693342,89.89611715143216,0.5329347194776125
8.3977,34.0762,train,0.01990389472643815,94.02748611516671,0.5423615926071811
-32.0802,-45.4725,train,0.015744170786139624,35.45619000962291,0.48385769079707003
102.3723,-58.511,train,0.01687708770391983,72.97903514531032,0.5012237657221454
91.6036,28.9099,train,0.016514194140220196,60.4775933026541,0.49578969696551095
