Predictor variable,Categorical,Sample average
PC1,false,-1746.8572841517228
PC2,false,1037.772942290728
PC3,false,1047.333777331419
