X,Y,Test or train,Raw prediction,Cumulative prediction,Logistic prediction
17.1271,40.2713,train,0.0261854793295246,52.033595323131856,0.535848123578001
22.6086,33.5613,train,0.04395416246083977,95.25747055999065,0.659615504025352
85.0809,16.9308,train,0.03591813065717524,71.19568197379634,0.6129373395190921
18.8008,40.9082,train,0.01764432720018153,30.054325563879175,0.4375400331385668
