Predictor variable,Categorical,Sample average
PC1,false,2017.8225060764962
PC2,false,1187.6537052945173
PC3,false,105.43961142437288
