Predictor variable,Categorical,Sample average
PC1,false,2085.20355121581
PC2,false,1734.490883579053
PC3,false,558.8609870823868
