Predictor variable,Categorical,Sample average
PC1,false,-1630.3593520201566
PC2,false,1922.0249964874681
PC3,false,1519.070131574764
