X,Y,Test or train,Raw prediction,Cumulative prediction,Logistic prediction
1.3308,35.7007,train,0.01791982696537483,89.55235008801083,0.5168582364982333
-40.8758,36.1436,train,0.0161953856931163,26.563419110674825,0.4915700819815695
0.5533,36.0223,train,0.017919368997380287,89.47952872983082,0.5168518545529766
