species,X,Y,PC1,PC2,PC3
insect.M.distribution90t1.2_PA1_RUN1,1.3308,35.7007,2061.96034648044,3152.93257998242,-378.89499606391
insect.M.distribution90t1.2_PA1_RUN1,-40.8758,36.1436,-9014.99921776721,-538.857682459256,5314.98819886046
insect.M.distribution90t1.2_PA1_RUN1,0.5533,36.0223,2061.9608152263,3152.00009193924,-378.882808072258
