Predictor variable,Categorical,Sample average
PC1,false,-126.0716315930149
PC2,false,1830.355168039638
PC3,false,-122.62233864295514
