Raw value,Corresponding cumulative value,Corresponding Logistic value,Fractional area,Training omission,Test omission
1.72759E-2,1.72758628,0.051439499,0.066666667,0.5,0
2.39641E-1,25.69166353,0.429299799,0.05,0.5,0
3.31683E-1,58.859998562,0.510081435,0.033333333,0.5,0
4.114E-1,100,0.563583015,0.016666667,0.5,0
1E0,100,0.758396015,0,0.5,0
