Predictor variable,Categorical,Sample average
PC1,false,-2938.1666490398775
PC2,false,-1296.3046764194405
PC3,false,95.2194592570053
