Predictor variable,Categorical,Sample average
PC1,false,2928.3301882687288
PC2,false,-2467.560876734061
PC3,false,-359.0866430618883
