Predictor variable,Categorical,Sample average
PC1,false,-4868.293436123746
PC2,false,2680.7010508050735
PC3,false,691.4135377725463
