X,Y,Test or train,Raw prediction,Cumulative prediction,Logistic prediction
-0.5947,35.4562,train,0.06939157123892482,93.513513203252,0.7593074449121776
109.4701,32.2945,train,0.012005331758455598,21.06922342419511,0.3530799502624402
10.1539,40.9589,train,0.04655166109728642,86.43837112482458,0.6791097589730791
-0.5848,35.3176,train,0.06939157123892482,93.513513203252,0.7593074449121776
94.353,-56.7876,train,0.013835948695199895,27.94358058441159,0.38613004760884373
