species,X,Y,PC1,PC2,PC3
insect.M.distribution210t1.3_PA2_RUN2,-0.5947,35.4562,-9109.98370663096,4560.91201242267,2100.67872181297
insect.M.distribution210t1.3_PA2_RUN2,109.4701,32.2945,-467.124617944051,-198.001076478106,-582.179653840398
insect.M.distribution210t1.3_PA2_RUN2,10.1539,40.9589,-4580.60431849004,3931.83213646838,1261.48663955933
insect.M.distribution210t1.3_PA2_RUN2,-0.5848,35.3176,-9109.98370663096,4560.91201242267,2100.67872181297
insect.M.distribution210t1.3_PA2_RUN2,94.353,-56.7876,-1073.77083092272,547.850169189753,-1423.59674048214
