Predictor variable,Categorical,Sample average
PC1,false,6021.729625603434
PC2,false,-6679.871530449665
PC3,false,23.390429802242785
