Predictor variable,Categorical,Sample average
PC1,false,10198.36163864025
PC2,false,1642.8099031234785
PC3,false,-738.1052833872754
