X,Y,Test or train,Raw prediction,Cumulative prediction,Logistic prediction
19.0675,40.1875,train,0.026453932492031602,35.108866913827526,0.5000001277992675
7.9496,42.4842,train,0.030325044388059212,37.947552997232854,0.5340894337473406
