species,X,Y,PC1,PC2,PC3
insect.M.distribution140t1.1_PA2_RUN1,19.0675,40.1875,10015.6391395319,647.179797746397,-704.507505086855
insect.M.distribution140t1.1_PA2_RUN1,7.9496,42.4842,10381.0841377486,2638.44000850056,-771.703061687696
