X,Y,Test or train,Raw prediction,Cumulative prediction,Logistic prediction
73.899,42.4236,train,0.017011060366264825,44.71629762767588,0.4999988190591104
9.177,40.6294,train,0.019570794693310942,76.69071181262173,0.5349852179979284
