Predictor variable,Categorical,Sample average
PC1,false,-3591.2913154087264
PC2,false,1222.2771255955188
PC3,false,307.10403760824903
