Predictor variable,Categorical,Sample average
PC1,false,-371.88404158804997
PC2,false,-343.84662578129996
PC3,false,1534.156600451223
