X,Y,Test or train,Raw prediction,Cumulative prediction,Logistic prediction
19.9887,13.6431,train,0.017027800954368993,62.951181480049605,0.5000000000000002
33.0864,30.6038,train,0.020635554913058903,83.05271404770413,0.5478947490949683
