Predictor variable,Categorical,Sample average
PC1,false,169.91016089432858
PC2,false,3988.8120050924963
PC3,false,200.4928662999405
