X,Y,Test or train,Raw prediction,Cumulative prediction,Logistic prediction
31.9863,-31.4955,train,0.016788670623275524,60.02961428210665,0.500000000007114
75.5176,40.162,train,0.019155168551435432,84.6976687702529,0.5329193817773102
