X,Y,Test or train,Raw prediction,Cumulative prediction,Logistic prediction
-41.8379,-40.0989,train,0.017783442062701764,60.21947261433552,0.5126070475225124
2.0269,34.1346,train,0.017121444482451207,49.98966917954347,0.5031256639590358
97.9985,49.3755,train,0.01674014420883242,42.35868497143698,0.49749521025979554
