Predictor variable,Categorical,Sample average
PC1,false,11182.94575463024
PC2,false,30.060494889693803
PC3,false,97.41247516914876
