X,Y,Test or train,Raw prediction,Cumulative prediction,Logistic prediction
19.1228,40.1953,train,0.042126651786526796,42.99822410291835,0.5184439467890322
19.0675,40.1875,train,0.042126651786526796,42.99822410291835,0.5184439467890322
