Predictor variable,Categorical,Sample average
PC1,false,11187.468749824144
PC2,false,-178.03387907108714
PC3,false,136.33573935891073
