X,Y,Test or train,Raw prediction,Cumulative prediction,Logistic prediction
20.1294,3.9057,train,0.038123184692154984,77.91436089612594,0.6030390541129612
7.9127,30.9913,train,0.02355234174910819,35.09168734257943,0.48414199340637903
102.8431,49.1864,train,0.015702345618115274,16.643100249560533,0.38488409952874364
32.495,9.4316,train,0.027069089803127794,54.43022818125829,0.5189194423083737
10.0629,41.6494,train,0.0356113017624807,75.62251952308696,0.586613818207267
32.3254,9.3393,train,0.02706931354260723,54.431978429842594,0.5189215057151673
9.9871,41.6435,train,0.0356113017624807,75.62251952308696,0.586613818207267
31.954,8.993,train,0.02706931354260723,54.431978429842594,0.5189215057151673
