Predictor variable,Categorical,Sample average
PC1,false,840.491817592857
PC2,false,1193.5557939283751
PC3,false,321.38407099608577
