X,Y,Test or train,Raw prediction,Cumulative prediction,Logistic prediction
11.3475,16.3257,train,0.01718065789701698,55.53211610794742,0.5068675993092442
98.1107,46.2216,train,0.01648980564592897,20.397680178398893,0.4966076183205953
4.6553,32.7977,train,0.01717782465711034,54.89519129610813,0.5068263764670573
