Predictor variable,Categorical,Sample average
PC1,false,11128.879204585373
PC2,false,-861.0325467298928
PC3,false,270.12656446210923
