Raw value,Corresponding cumulative value,Corresponding Logistic value,Fractional area,Training omission,Test omission
1.10095E-2,1.100945862,0.011561907,0.033333333,0.25,0
9.88991E-1,100,0.512377414,0.016666667,0.25,0
1E0,100,0.515142939,0,0.25,0
