Predictor variable,Categorical,Sample average
PC1,false,3059.653693447394
PC2,false,-799.5260483808675
PC3,false,1077.7584082387689
