X,Y,Test or train,Raw prediction,Cumulative prediction,Logistic prediction
21.0529,15.1588,train,0.022354675785759216,90.11736245331107,0.5606524091599547
19.9887,13.6431,train,0.02341485344466621,92.90222646553113,0.5720317094244185
19.8917,13.6869,train,0.02341485344466621,92.90222646553113,0.5720317094244185
33.0864,30.6038,train,0.01601148956357471,31.231669416416636,0.477535458937489
31.8405,45.1568,train,0.015130475387333505,19.842585962037504,0.46343680453146924
19.8725,13.7334,train,0.02341485344466621,92.90222646553113,0.5720317094244185
46.9672,40.9197,train,0.01894507822502554,63.67536697464279,0.5195697254840618
21.1241,15.519,train,0.022354675785759216,90.11736245331107,0.5606524091599547
