Predictor variable,Categorical,Sample average
PC1,false,-370.46133529835754
PC2,false,-1153.7947009558006
PC3,false,374.982388800017
