Predictor variable,Categorical,Sample average
PC1,false,4654.612946755677
PC2,false,-1954.62659060391
PC3,false,-724.4774436054585
