X,Y,Test or train,Raw prediction,Cumulative prediction,Logistic prediction
17.1271,40.2713,train,0.01907574482995746,63.2000751495832,0.5231427602057395
85.0809,16.9308,train,0.01642537213686143,21.446545942527937,0.48576555479548844
73.4066,39.989,train,0.0177372559357086,45.09971314203666,0.504971558947083
18.7074,40.8828,train,0.019073082459996723,63.18902216124562,0.5231079403304716
