Predictor variable,Categorical,Sample average
PC1,false,3773.4854419770727
PC2,false,-950.2890662956901
PC3,false,-121.97673017610082
