species,X,Y,PC1,PC2,PC3
insect.M.distribution150t1.3_PA2_RUN1,17.1271,40.2713,5190.81423932154,-1857.61860888983,-792.591972959237
insect.M.distribution150t1.3_PA2_RUN1,85.0809,16.9308,1284.41890907178,-2990.70221991342,1133.1105085036
insect.M.distribution150t1.3_PA2_RUN1,73.4066,39.989,3405.00736976838,1902.41779043415,11.4358951845657
insect.M.distribution150t1.3_PA2_RUN1,18.7074,40.8828,5213.70124974659,-855.25322681366,-839.861351433332
