Predictor variable,Categorical,Sample average
PC1,false,2246.592817413534
PC2,false,415.5280100759258
PC3,false,-227.14971772180849
