X,Y,Test or train,Raw prediction,Cumulative prediction,Logistic prediction
31.9863,-31.4955,train,0.014928864618510248,19.0316525453686,0.4663927017499621
9.177,40.6294,train,0.017863475176211313,46.71249305854044,0.5112054705904573
113.0814,60.9084,train,0.022094588001308976,97.2537626909312,0.5639980172428488
74.5215,42.7568,train,0.017925584023447926,47.346333753166896,0.5120727082350293
17.5927,37.0722,train,0.017946851540634166,47.56301399017008,0.5123689637527152
64.9409,56.1607,train,0.017702928487357408,43.88198924648858,0.508949376741133
9.6866,41.3584,train,0.017129793917230525,38.076662263296996,0.500722633259012
