Predictor variable,Categorical,Sample average
PC1,false,1423.5810882309452
PC2,false,-350.84637867487385
PC3,false,-485.0485671768153
