Predictor variable,Categorical,Sample average
PC1,false,3550.2445546667304
PC2,false,2194.3247714102326
PC3,false,178.27782919350375
