X,Y,Test or train,Raw prediction,Cumulative prediction,Logistic prediction
-8.8925,-67.8316,train,0.04170840197337251,69.49300094199735,0.5815192003545319
17.5665,16.2724,train,0.016087128360116703,31.259689431599615,0.34894719558220916
-7.7689,-68.1295,train,0.06246333879104458,73.38444099309467,0.6754391843525588
-18.7637,-51.8269,train,0.051032531671715196,71.241228039271,0.6296635449758662
-5.9533,-68.7697,train,0.08607625585648399,78.6746447986146,0.741454860629903
