Predictor variable,Categorical,Sample average
PC1,false,2901.4179785610595
PC2,false,-3252.762894469798
PC3,false,-1154.0049660927584
