X,Y,Test or train,Raw prediction,Cumulative prediction,Logistic prediction
-8.8925,-67.8316,train,0.023110131572426074,54.29231182800032,0.45585253805162396
17.5665,16.2724,train,0.018282595507373302,41.5812320354761,0.3985830719978687
60.181,36.5001,train,0.0527047516091423,70.32965885192178,0.656420619392042
-5.9533,-68.7697,train,0.04324425876399791,65.83179773906258,0.6105304436179193
84.5325,38.9042,train,0.05516995892453854,73.39198508830012,0.6666554177908134
