Predictor variable,Categorical,Sample average
PC1,false,2232.4676079481255
PC2,false,-4262.697757147184
PC3,false,-450.1602976244884
