Predictor variable,Categorical,Sample average
PC1,false,11097.02861959684
PC2,false,-927.3496302482066
PC3,false,272.68061233763353
