Predictor variable,Categorical,Sample average
PC1,false,737.2114123707211
PC2,false,1516.7836249793263
PC3,false,259.28664689784506
