X,Y,Test or train,Raw prediction,Cumulative prediction,Logistic prediction
19.9887,13.6431,train,0.017482238675663942,68.91316038812612,0.5049621432551572
19.8917,13.6869,train,0.017482238675663942,68.91316038812612,0.5049621432551572
33.0864,30.6038,train,0.021686257754369716,86.02701014926338,0.5585655813235907
31.8405,45.1568,train,0.01538490298771686,34.52872382257191,0.4730388004761551
53.1845,-52.0881,train,0.015761337326997298,43.08503250397936,0.47906817315298783
19.8725,13.7334,train,0.017482238675663942,68.91316038812612,0.5049621432551572
46.9672,40.9197,train,0.02343926868930487,88.94667220030793,0.5776360356009115
