Predictor variable,Categorical,Sample average
PC1,false,3153.467861524348
PC2,false,-442.6301003753262
PC3,false,879.2007284975152
