Predictor variable,Categorical,Sample average
PC1,false,4201.392499081288
PC2,false,-2435.0658822836776
PC3,false,-806.9136220932148
