Predictor variable,Categorical,Sample average
PC1,false,2344.296374129926
PC2,false,2029.5063915358876
PC3,false,191.30379282557215
