Predictor variable,Categorical,Sample average
PC1,false,505.15906071434017
PC2,false,566.554540758967
PC3,false,-202.1946674783508
