Predictor variable,Categorical,Sample average
PC1,false,-748.5062899449865
PC2,false,-378.65176757622595
PC3,false,47.76272794169754
