Raw value,Corresponding cumulative value,Corresponding Logistic value,Fractional area,Training omission,Test omission
1.39342E-2,1.393416914,0.014773622,0.033333333,0.411764706,0
9.86066E-1,100,0.514833373,0.016666667,0.411764706,0
1E0,100,0.518337539,0,0.411764706,0
