Predictor variable,Categorical,Sample average
PC1,false,-110.76795447266895
PC2,false,-1498.78910423755
PC3,false,93.65141230013607
