Predictor variable,Categorical,Sample average
PC1,false,3783.272230108454
PC2,false,-2553.7430909840095
PC3,false,-871.9346912969501
