Predictor variable,Categorical,Sample average
PC1,false,2716.1804939871054
PC2,false,-1140.702151182656
PC3,false,-401.87193762725553
