X,Y,Test or train,Raw prediction,Cumulative prediction,Logistic prediction
19.9887,13.6431,train,0.016965585418848815,71.13365683975745,0.5039958529843541
19.8917,13.6869,train,0.016965585418848815,71.13365683975745,0.5039958529843541
33.0864,30.6038,train,0.018193688818164182,91.86709558539295,0.5214547210238188
31.8405,45.1568,train,0.016276783689574727,37.63381204967365,0.4936345004680947
