Predictor variable,Categorical,Sample average
PC1,false,3310.9652482866413
PC2,false,-2491.3083463862863
PC3,false,-390.47152861278965
