Predictor variable,Categorical,Sample average
PC1,false,4294.890286349943
PC2,false,-1042.820609911686
PC3,false,594.4222692279345
