X,Y,Test or train,Raw prediction,Cumulative prediction,Logistic prediction
19.9887,13.6431,train,0.021775294313170053,86.4133036573642,0.5572911447716526
33.0864,30.6038,train,0.015562829186864243,27.67838654787303,0.4735957735373482
31.8405,45.1568,train,0.01546067729398156,27.16416733362199,0.471954287448687
27.1721,18.9361,train,0.01756155305012431,57.487379703589944,0.5037777907735135
53.1845,-52.0881,train,0.017727124317565523,57.888377408953744,0.5061235282575952
19.8725,13.7334,train,0.021775294313170053,86.4133036573642,0.5572911447716526
19.912,13.6439,train,0.021775294313170053,86.4133036573642,0.5572911447716526
22.0961,15.8468,train,0.02118943702223741,85.90967633685676,0.5505522423842053
19.8917,13.6869,train,0.021775294313170053,86.4133036573642,0.5572911447716526
