X,Y,Test or train,Raw prediction,Cumulative prediction,Logistic prediction
119.9502,35.456,train,0.023062862649037227,62.12766649016099,0.5443916226823744
86.7886,54.2751,train,0.016138180452811582,33.73040342996441,0.4553689901830548
88.8679,53.214,train,0.014944534265890121,28.12310312823576,0.43638592538781346
5.6479,39.2556,train,0.026981527279784562,76.2641909859168,0.5829667201152616
5.5091,38.0668,train,0.026849262833275753,75.47892863775736,0.5817715384092563
5.4924,38.0538,train,0.026849262833275753,75.47892863775736,0.5817715384092563
5.4893,38.0506,train,0.026849262833275753,75.47892863775736,0.5817715384092563
