Predictor variable,Categorical,Sample average
PC1,false,934.5523634330599
PC2,false,-1770.4021489537995
PC3,false,-426.95819227617574
