Predictor variable,Categorical,Sample average
PC1,false,3550.428485033239
PC2,false,-877.4708404630394
PC3,false,924.8426234646621
