Predictor variable,Categorical,Sample average
PC1,false,-2936.5247369356775
PC2,false,1825.2566580228693
PC3,false,78.0886103814057
