Predictor variable,Categorical,Sample average
PC1,false,-1401.0770902250156
PC2,false,-178.86922603517306
PC3,false,697.1535794436488
