Predictor variable,Categorical,Sample average
PC1,false,6421.565572053619
PC2,false,4016.0113259978134
PC3,false,353.35244853624306
