Predictor variable,Categorical,Sample average
PC1,false,11307.99386409849
PC2,false,-1154.676272036362
PC3,false,402.48211404097765
