Predictor variable,Categorical,Sample average
PC1,false,2890.6097558331157
PC2,false,-2239.652548043672
PC3,false,-326.21593659516105
