X,Y,Test or train,Raw prediction,Cumulative prediction,Logistic prediction
109.4701,32.2945,train,0.016666666666666666,1.6666633336733327,0.5000000000000003
3.4722,-47.3345,train,0.016666666666666666,1.6666633336733327,0.5000000000000003
94.4103,-56.7947,train,0.016666666666666666,1.6666633336733327,0.5000000000000003
94.353,-56.7876,train,0.016666666666666666,1.6666633336733327,0.5000000000000003
10.1539,40.9589,train,0.016666666666666666,1.6666633336733327,0.5000000000000003
