Predictor variable,Categorical,Sample average
PC1,false,-986.9906634880441
PC2,false,-443.3045506657735
PC3,false,-398.8458107610976
