X,Y,Test or train,Raw prediction,Cumulative prediction,Logistic prediction
-54.1515,36.6608,train,0.016666666666666666,1.6666633336733327,0.5000000000000003
