Predictor variable,Categorical,Sample average
PC1,false,3503.7667562670185
PC2,false,-529.2359117529263
PC3,false,913.8823940835182
