Predictor variable,Categorical,Sample average
PC1,false,1052.3662659397387
PC2,false,1484.0147458043584
PC3,false,282.7785891782082
