Predictor variable,Categorical,Sample average
PC1,false,-3574.180810986462
PC2,false,746.7884381649801
PC3,false,-86.41165666883181
