Raw value,Corresponding cumulative value,Corresponding Logistic value,Fractional area,Training omission,Test omission
3.22894E-8,0.000003229,0.000000032,0.05,0.275862069,0
2.3728E-7,0.000026957,0.000000237,0.033333333,0.275862069,0
1E0,100,0.500001044,0.016666667,0.275862069,0
1E0,100,0.500001111,0,0.275862069,0
