Predictor variable,Categorical,Sample average
PC1,false,492.9128861882605
PC2,false,1965.8562228068072
PC3,false,-163.15009212208167
