X,Y,Test or train,Raw prediction,Cumulative prediction,Logistic prediction
0.9082,38.1222,train,0.01773867626049,90.09415654665376,0.5150955889208808
2.4041,-43.349,train,0.016219350109050897,19.258247383479205,0.49271509991341095
0.8588,38.3662,train,0.01773867626049,90.09415654665376,0.5150955889208808
10.7628,36.5256,train,0.016634278449417103,40.79804095816293,0.4990297237024773
85.465,58.0811,train,0.01674236571421891,45.44468880394531,0.5006489328790793
