Predictor variable,Categorical,Sample average
PC1,false,-17.55301437235594
PC2,false,739.4830656584793
PC3,false,-183.9152637556561
