species,X,Y,PC1,PC2,PC3
insect.M.distribution200t1.1_PA2_RUN2,0.9082,38.1222,2146.32939497033,4429.11149217065,-924.465358309591
insect.M.distribution200t1.1_PA2_RUN2,2.4041,-43.349,2055.26597706393,-9087.32390251098,642.204589673544
insect.M.distribution200t1.1_PA2_RUN2,0.8588,38.3662,2146.32939497033,4429.11149217065,-924.465358309591
insect.M.distribution200t1.1_PA2_RUN2,10.7628,36.5256,-3408.19808542932,3296.06565322311,200.235649298655
insect.M.distribution200t1.1_PA2_RUN2,85.465,58.0811,-3027.49175343705,630.450593238965,86.9141588687024
