X,Y,Test or train,Raw prediction,Cumulative prediction,Logistic prediction
21.0529,15.1588,train,0.017170650270057854,76.26909204359289,0.506763692110541
19.9887,13.6431,train,0.01692539344980237,69.6728840040657,0.503167441983517
19.8917,13.6869,train,0.01692539344980237,69.6728840040657,0.503167441983517
33.0864,30.6038,train,0.017994271969431628,81.43545737478219,0.5184686826414889
31.8405,45.1568,train,0.01603135997983226,31.468668364030854,0.4896019181069472
27.1721,18.9361,train,0.017079840210616332,73.76550042184165,0.5054382118426237
