Predictor variable,Categorical,Sample average
PC1,false,3372.451011791847
PC2,false,-419.55241680074664
PC3,false,807.6288794744968
