Predictor variable,Categorical,Sample average
PC1,false,-4362.9884672832295
PC2,false,-395.46513189295285
PC3,false,182.4419485660714
