X,Y,Test or train,Raw prediction,Cumulative prediction,Logistic prediction
-0.5947,35.4562,train,0.06446201108692406,92.83577031461184,0.747983222072085
109.4701,32.2945,train,0.012441969748051597,22.052023539244068,0.3642150754874684
94.4103,-56.7947,train,0.014019884341064742,27.670686593683662,0.3922856784092644
10.1539,40.9589,train,0.04259773626204615,86.09451501116285,0.6623110089413072
-0.5848,35.3176,train,0.06446201108692406,92.83577031461184,0.747983222072085
