Predictor variable,Categorical,Sample average
PC1,false,-4871.058954410684
PC2,false,2661.189723383552
PC3,false,691.8517619641583
