Predictor variable,Categorical,Sample average
PC1,false,767.7203223216002
PC2,false,-210.71492901845957
PC3,false,51.91922025871837
