X,Y,Test or train,Raw prediction,Cumulative prediction,Logistic prediction
119.9502,35.456,train,0.023380589779283496,70.7991125628454,0.5335825055649924
88.8679,53.214,train,0.02160900262195959,63.34309148611209,0.5139304936095651
5.5091,38.0668,train,0.023114286015644175,69.43323713766827,0.530730530498689
5.6479,39.2556,train,0.023159723592802862,69.95309111784339,0.5312196085705927
-16.8387,26.3694,train,0.014851021167984452,31.63676552410995,0.4208451367933297
5.4924,38.0538,train,0.023114286015644175,69.43323713766827,0.530730530498689
5.4932,38.0514,train,0.023114286015644175,69.43323713766827,0.530730530498689
5.5152,38.0576,train,0.023114286015644175,69.43323713766827,0.530730530498689
62.595,55.1597,train,0.032476749333946175,85.61695111967911,0.613761369457667
