Predictor variable,Categorical,Sample average
PC1,false,1907.2344376430358
PC2,false,-1678.863023045294
PC3,false,-431.43283897213183
