Predictor variable,Categorical,Sample average
PC1,false,11124.997711901844
PC2,false,-1274.0240081083798
PC3,false,350.04327147020695
