Predictor variable,Categorical,Sample average
PC1,false,-2028.669846632258
PC2,false,-698.8311920241576
PC3,false,153.22438887037717
