Predictor variable,Categorical,Sample average
PC1,false,-3353.440389536424
PC2,false,1169.4144587142973
PC3,false,231.67217589091442
