Predictor variable,Categorical,Sample average
PC1,false,-1292.9576029298585
PC2,false,-11.170006426717986
PC3,false,898.510920356967
