Predictor variable,Categorical,Sample average
PC1,false,-856.9072663338271
PC2,false,200.80311826403445
PC3,false,717.1432099192303
