X,Y,Test or train,Raw prediction,Cumulative prediction,Logistic prediction
-149.36,-59.8952,train,0.5666722956796889,100.0,0.8015004365273538
6.63,34.3489,train,0.14034203495945669,49.05490619780766,0.4999999976856332
