Predictor variable,Categorical,Sample average
PC1,false,2233.870101263649
PC2,false,-2227.3967158523883
PC3,false,682.8698629058609
