Predictor variable,Categorical,Sample average
PC1,false,3403.263244085654
PC2,false,-25.508087713121768
PC3,false,-275.4941678477591
