Predictor variable,Categorical,Sample average
PC1,false,2880.5884824788122
PC2,false,2150.2976475392506
PC3,false,-260.46352929312076
