Predictor variable,Categorical,Sample average
PC1,false,-5176.551364994845
PC2,false,4721.179381176257
PC3,false,1751.5826299846594
