X,Y,Test or train,Raw prediction,Cumulative prediction,Logistic prediction
123.8358,-60.614,train,0.0168572187994097,55.05654899886866,0.5000000000000003
102.1091,51.5068,train,0.025681899821449607,99.99999969104478,0.603724304923806
