Predictor variable,Categorical,Sample average
PC1,false,1163.5476818003187
PC2,false,1361.8512561849782
PC3,false,-364.3014811687167
