Predictor variable,Categorical,Sample average
PC1,false,513.1691058760522
PC2,false,1234.3708916288113
PC3,false,-164.2991383392589
