X,Y,Test or train,Raw prediction,Cumulative prediction,Logistic prediction
21.0529,15.1588,train,0.024337090592502105,90.84070392954023,0.5792609920938165
19.9887,13.6431,train,0.025658529171873314,91.88196570656791,0.5920906841035358
33.0864,30.6038,train,0.018229841325071706,57.2892522483018,0.5076990834083667
31.8405,45.1568,train,0.01394421253022086,18.546284005775924,0.4409773279831887
27.1721,18.9361,train,0.018253290492928485,57.391575728807716,0.5080203740266376
46.9672,40.9197,train,0.021561463636523566,74.2205076540215,0.5494989644900694
21.1241,15.519,train,0.024337090592502105,90.84070392954023,0.5792609920938165
53.1845,-52.0881,train,0.01765641004250606,50.15887797129487,0.49970944403661083
19.912,13.6439,train,0.025658529171873314,91.88196570656791,0.5920906841035358
