Predictor variable,Categorical,Sample average
PC1,false,3267.0308509679567
PC2,false,-257.4135654894827
PC3,false,961.1279273454857
