Predictor variable,Categorical,Sample average
PC1,false,1144.8996451177409
PC2,false,-156.9081355825846
PC3,false,-154.73338201663853
