Predictor variable,Categorical,Sample average
PC1,false,8149.297034472132
PC2,false,-2260.265539611307
PC3,false,-471.26876375239215
