Predictor variable,Categorical,Sample average
PC1,false,-1104.587171123125
PC2,false,1355.5642899092975
PC3,false,-499.2909736321695
