X,Y,Test or train,Raw prediction,Cumulative prediction,Logistic prediction
-16.8466,26.3714,train,0.01918549754521546,44.69416044414087,0.4900367985555166
80.099,49.5909,train,0.023675213140261584,73.40882593375667,0.5425011669931916
86.7886,54.2751,train,0.024819756687638996,75.33851233288996,0.5541930886746783
88.8679,53.214,train,0.02490431770661066,75.4811380113716,0.5550332474260675
5.6479,39.2556,train,0.018164642184155526,37.8639186225116,0.47638364274750655
5.5091,38.0668,train,0.01816869030630938,38.10214974365142,0.4764392268635011
