Predictor variable,Categorical,Sample average
PC1,false,-4006.0251387476096
PC2,false,501.62595260944477
PC3,false,36.904132845820975
