X,Y,Test or train,Raw prediction,Cumulative prediction,Logistic prediction
123.8358,-60.614,train,0.014812247110325303,35.96081287340496,0.3152161274525955
102.1091,51.5068,train,0.12954106547688338,84.54212682462244,0.8010227482776737
94.4457,45.9801,train,0.2502411232947504,100.0,0.8860613300440376
100.9356,46.8891,train,0.2524115918030626,100.0,0.8869303001389461
12.1923,17.0014,train,0.005424018148476014,6.657271529536688,0.14424607102176099
21.9358,2.6891,train,0.005674942588575781,9.441348761378277,0.149918724730083
102.1312,48.4123,train,0.25401254975951226,100.0,0.887562814063402
94.2995,45.9759,train,0.2501536187259646,100.0,0.8860260164793607
-35.9099,-49.0382,train,0.026616668633103458,58.11349306535907,0.4527014880768641
