Predictor variable,Categorical,Sample average
PC1,false,6679.62825950866
PC2,false,6506.977358432907
PC3,false,362.516131719016
