Predictor variable,Categorical,Sample average
PC1,false,937.7658827494499
PC2,false,2178.064237802304
PC3,false,-394.37485908773164
