Predictor variable,Categorical,Sample average
PC1,false,206.8389665267733
PC2,false,1380.820833114223
PC3,false,-238.1205282208759
