X,Y,Test or train,Raw prediction,Cumulative prediction,Logistic prediction
-47.525,35.0639,train,0.027294063629514337,25.678675821209442,0.5049404077035884
6.63,34.3489,train,0.03296633679830078,83.71967049923477,0.5519567660388276
