Predictor variable,Categorical,Sample average
PC1,false,-3508.4774504313955
PC2,false,-793.7365046321339
PC3,false,222.04342482318978
