Predictor variable,Categorical,Sample average
PC1,false,-1738.9576635397068
PC2,false,1117.2344428731462
PC3,false,897.700952441551
