Predictor variable,Categorical,Sample average
PC1,false,-4639.663999585093
PC2,false,2363.10615758821
PC3,false,1658.859126482125
