X,Y,Test or train,Raw prediction,Cumulative prediction,Logistic prediction
15.5624,35.4876,train,0.029920372796821252,82.4608580349604,0.6053899709200043
8.3977,34.0762,train,0.03859039582265662,92.27317426501953,0.6642827593273839
102.3723,-58.511,train,0.014415095105990802,30.75754186564352,0.4249980472417393
10.7859,32.6553,train,0.02122301066625752,64.85406622389735,0.5211177322846188
