X,Y,Test or train,Raw prediction,Cumulative prediction,Logistic prediction
95.5153,46.077,train,0.10346181930607594,98.72136032453572,0.8312949740503595
94.3441,39.1797,train,0.10807719473719142,99.86603155235753,0.8373274600879047
11.3475,16.3257,train,0.008195139427184268,3.9064630099241953,0.28073301780246507
