Predictor variable,Categorical,Sample average
PC1,false,4564.842804088633
PC2,false,-8123.1152906602765
PC3,false,506.75051239495224
