X,Y,Test or train,Raw prediction,Cumulative prediction,Logistic prediction
-54.1515,36.6608,train,0.0390723056218046,91.83037682824822,0.6515820982404225
-168.9006,-56.5336,train,0.031693103019782246,70.81005913834377,0.6026899538736844
1.2062,33.6762,train,0.017233166082167274,28.662555792346318,0.45200390153157527
