Predictor variable,Categorical,Sample average
PC1,false,-149.82498339115622
PC2,false,574.5242973369956
PC3,false,-493.95778570486266
