X,Y,Test or train,Raw prediction,Cumulative prediction,Logistic prediction
-47.525,35.0639,train,0.046559684213682694,67.32845338583063,0.5638284008606889
-149.36,-59.8952,train,0.046667841085062806,67.3670346889792,0.5643989328147644
