Predictor variable,Categorical,Sample average
PC1,false,4246.169262473811
PC2,false,-2332.677647401306
PC3,false,-429.9973393029139
