X,Y,Test or train,Raw prediction,Cumulative prediction,Logistic prediction
31.9863,-31.4955,train,0.016730408633126952,36.801120037828696,0.5003490405588701
75.5176,40.162,train,0.01668827739618371,32.85705621030582,0.4997186858307733
9.177,40.6294,train,0.01720983482475233,83.10081062169328,0.50741176583226
19.7184,43.5586,train,0.017023668897216657,62.668326378148045,0.5046930837680941
10.7649,37.8912,train,0.01720722437262851,82.95052770877238,0.5073738503114994
113.0814,60.9084,train,0.016920624106547877,56.13299159584352,0.5031753227656702
74.5215,42.7568,train,0.016629868949265054,26.551488460567853,0.4988421609152711
64.9409,56.1607,train,0.01621539708896145,11.12402431336635,0.4925329179598648
