Predictor variable,Categorical,Sample average
PC1,false,1250.8890029013205
PC2,false,737.7056346745377
PC3,false,-413.59199855332827
