species,X,Y,PC1,PC2,PC3
insect.M.distribution170t3.1_PA1_RUN1,31.9863,-31.4955,367.037169981192,-72.0972186123871,625.761808620969
insect.M.distribution170t3.1_PA1_RUN1,75.5176,40.162,-27.2168481925348,8049.72122879738,-224.776076021088
insect.M.distribution170t3.1_PA1_RUN1,9.177,40.6294,4784.74255241715,-2352.13672236822,-493.716273474724
insect.M.distribution170t3.1_PA1_RUN1,19.7184,43.5586,3084.09551205036,-2770.09004729393,1.47076818465126
insect.M.distribution170t3.1_PA1_RUN1,10.7649,37.8912,4761.02318879248,-3138.21407570899,-444.956994642812
insect.M.distribution170t3.1_PA1_RUN1,113.0814,60.9084,2134.75576079208,5775.277105785,-1819.75254975849
insect.M.distribution170t3.1_PA1_RUN1,74.5215,42.7568,-575.438684959875,3317.06121331651,-515.367262597343
insect.M.distribution170t3.1_PA1_RUN1,64.9409,56.1607,-4521.88662767029,-2907.87640651906,-437.399408737789
