Predictor variable,Categorical,Sample average
PC1,false,3702.4987504366613
PC2,false,-2328.8364382724376
PC3,false,-543.169280993987
