Predictor variable,Categorical,Sample average
PC1,false,-3426.1828622541566
PC2,false,-229.83866673391515
PC3,false,50.5886853767791
