Predictor variable,Categorical,Sample average
PC1,false,5617.266528325083
PC2,false,-4647.071133330314
PC3,false,562.0512000333874
