X,Y,Test or train,Raw prediction,Cumulative prediction,Logistic prediction
-16.8466,26.3714,train,0.01738185241313496,65.43065103749547,0.4996965582705362
80.099,49.5909,train,0.01870135613277932,80.77501263165698,0.517981136761025
86.7886,54.2751,train,0.019011123184580873,82.33061892415085,0.5220815709303467
5.5091,38.0668,train,0.017055589178921252,50.04295790654073,0.49495954496361755
5.6479,39.2556,train,0.017054266751387256,49.92412656975631,0.49494016211092334
-16.8387,26.3694,train,0.01738185241313496,65.43065103749547,0.4996965582705362
