Predictor variable,Categorical,Sample average
PC1,false,222.7568535354816
PC2,false,1736.1618213173824
PC3,false,-435.4758758600003
