species,X,Y,PC1,PC2,PC3
insect.M.distribution190t1.3_PA2_RUN2,-16.8466,26.3714,1557.36958058335,3422.6005984922,-347.75267589859
insect.M.distribution190t1.3_PA2_RUN2,80.099,49.5909,-5205.85702672177,9081.61222081273,-656.361665159902
insect.M.distribution190t1.3_PA2_RUN2,86.7886,54.2751,-6321.49172219633,690.561883365664,-725.651465221938
insect.M.distribution190t1.3_PA2_RUN2,5.5091,38.0668,4871.85201046607,-3085.8553968727,-267.831906689095
insect.M.distribution190t1.3_PA2_RUN2,5.6479,39.2556,4877.29869849822,-3114.5489763858,-267.504866291887
insect.M.distribution190t1.3_PA2_RUN2,-16.8387,26.3694,1557.36958058335,3422.6005984922,-347.75267589859
