Predictor variable,Categorical,Sample average
PC1,false,1866.6565854861185
PC2,false,1212.9421233153591
PC3,false,29.404634891467367
