Predictor variable,Categorical,Sample average
PC1,false,11013.971488485353
PC2,false,-910.9943351451284
PC3,false,300.95651802385976
