Predictor variable,Categorical,Sample average
PC1,false,-1061.5645637409511
PC2,false,2327.345806318386
PC3,false,314.30760405804176
