X,Y,Test or train,Raw prediction,Cumulative prediction,Logistic prediction
1.3308,35.7007,train,0.03174100698901562,86.44200536973989,0.5949949162023087
-40.8758,36.1436,train,0.011117750391499091,12.367281783582774,0.33974893773360715
0.5533,36.0223,train,0.03173259744547911,86.4191758524006,0.5949310613478114
77.9262,56.7389,train,0.01981822604174155,35.31341742837635,0.47842486115694255
0.6689,35.7614,train,0.03174100698901562,86.44200536973989,0.5949949162023087
1.2819,37.671,train,0.029168254201234756,47.187072019208216,0.5744730087647802
30.9553,36.0985,train,0.03057779662812716,53.250839702090516,0.5859670370974658
