X,Y,Test or train,Raw prediction,Cumulative prediction,Logistic prediction
31.9863,-31.4955,train,0.016873925980554472,33.47560855673632,0.5012376056553922
75.5176,40.162,train,0.01679059916713678,31.223888282548575,0.500000000000001
