species,X,Y,PC1,PC2,PC3
insect.M.distribution170t1.1_PA1_RUN2,31.9863,-31.4955,367.037169981192,-72.0972186123871,625.761808620969
insect.M.distribution170t1.1_PA1_RUN2,75.5176,40.162,-27.2168481925348,8049.72122879738,-224.776076021088
