Predictor variable,Categorical,Sample average
PC1,false,2705.0863021872838
PC2,false,1099.9841912871914
PC3,false,98.10943096873736
