Predictor variable,Categorical,Sample average
PC1,false,-2136.680676683204
PC2,false,-1586.6346808682224
PC3,false,73.00952913038549
