Raw value,Corresponding cumulative value,Corresponding Logistic value,Fractional area,Training omission,Test omission
2.67099E-8,0.000002671,0.000000049,0.05,0.739130435,0
3.04157E-1,30.415713542,0.359884645,0.033333333,0.739130435,0
6.95843E-1,100,0.562598488,0.016666667,0.739130435,0
1E0,100,0.648931557,0,0.739130435,0
