Predictor variable,Categorical,Sample average
PC1,false,3729.905418525628
PC2,false,-25.593995618827257
PC3,false,-151.51503922299614
