X,Y,Test or train,Raw prediction,Cumulative prediction,Logistic prediction
-41.8379,-40.0989,train,0.023096513847761936,74.55634571452228,0.5639321945450118
1.5784,34.3551,train,0.018317210097226276,38.60982175211046,0.5063235736648138
97.9985,49.3755,train,0.015042480572651245,21.102617002266022,0.45718829037615216
1.5775,34.355,train,0.018317210097226276,38.60982175211046,0.5063235736648138
-37.731,32.9155,train,0.021262575680729548,66.83046085454974,0.543490595103196
13.7631,39.1461,train,0.018365195937768707,38.81204548479221,0.5069775298338053
1.3749,34.1702,train,0.018317210097226276,38.60982175211046,0.5063235736648138
