Raw value,Corresponding cumulative value,Corresponding Logistic value,Fractional area,Training omission,Test omission
3.29361E-2,3.293609674,0.069059811,0.066666667,0.181818182,0
7.67347E-2,10.967081835,0.147362746,0.05,0.181818182,0
1.47128E-1,25.679931075,0.248900486,0.033333333,0.181818182,0
7.43201E-1,100,0.626018788,0.016666667,0.181818182,0
1E0,100,0.69252786,0,0.181818182,0
