Predictor variable,Categorical,Sample average
PC1,false,4824.191169239814
PC2,false,-1762.2986116705426
PC3,false,-418.2864300756121
