X,Y,Test or train,Raw prediction,Cumulative prediction,Logistic prediction
1.3308,35.7007,train,0.02674222983586745,86.2268473621938,0.5768785924424938
-40.8758,36.1436,train,0.012656674483797514,14.920263260442637,0.39219699439898253
0.5533,36.0223,train,0.02673717742291217,86.17241891501989,0.5768324715204671
77.9262,56.7389,train,0.019113254712065902,35.54570486609362,0.49352805646238096
0.71,35.9525,train,0.02673777571446471,86.17886416809999,0.5768379335462057
30.9553,36.0985,train,0.026039672171970098,52.78659445976993,0.5703673166088535
