Predictor variable,Categorical,Sample average
PC1,false,-1516.7378161243814
PC2,false,2239.1886542871007
PC3,false,377.8444875774871
