Raw value,Corresponding cumulative value,Corresponding Logistic value,Fractional area,Training omission,Test omission
2.30428E-1,23.042755912,0.283325308,0.033333333,0.19047619,0
7.69572E-1,100,0.569024503,0.016666667,0.19047619,0
1E0,100,0.631764135,0,0.19047619,0
