Predictor variable,Categorical,Sample average
PC1,false,2813.8694259313233
PC2,false,1937.3809066630333
PC3,false,-411.7343896574342
