X,Y,Test or train,Raw prediction,Cumulative prediction,Logistic prediction
-168.9006,-56.5336,train,0.02788390265736674,72.43297263970109,0.5848725283955503
-49.2426,40.4999,train,0.03092788848644347,77.90535459399608,0.6097870185626089
1.2062,33.6762,train,0.01649906682857571,28.227163163836405,0.454640690928121
