X,Y,Test or train,Raw prediction,Cumulative prediction,Logistic prediction
8.3977,34.0762,train,0.028124057684005943,95.00706348199347,0.6226820725116649
-32.0802,-45.4725,train,0.014432245410476292,26.833702509508885,0.4585422863735375
10.7859,32.6553,train,0.019643150518830067,87.21011578510046,0.5354532234069378
91.6036,28.9099,train,0.018367511352038037,77.50273926279843,0.5187177467693139
