Predictor variable,Categorical,Sample average
PC1,false,-1925.591601296325
PC2,false,468.607598072355
PC3,false,1281.9390499312287
