X,Y,Test or train,Raw prediction,Cumulative prediction,Logistic prediction
0.7017,37.6501,train,0.2005904786595876,100.0,0.8395668815560872
0.8588,38.3662,train,0.2005904786595876,100.0,0.8395668815560872
85.465,58.0811,train,0.003201895326255297,1.4539611388354516,0.07709317738014339
0.96,38.4215,train,0.2005904786595876,100.0,0.8395668815560872
0.7825,38.1344,train,0.2005904786595876,100.0,0.8395668815560872
