Predictor variable,Categorical,Sample average
PC1,false,1111.5651652888541
PC2,false,3669.3793123843134
PC3,false,-722.1894548739324
