species,X,Y,PC1,PC2,PC3
insect.M.distribution200t1.2_PA2_RUN2,0.7017,37.6501,2146.32939497033,4429.11149217065,-924.465358309591
insect.M.distribution200t1.2_PA2_RUN2,0.8588,38.3662,2146.32939497033,4429.11149217065,-924.465358309591
insect.M.distribution200t1.2_PA2_RUN2,85.465,58.0811,-3027.49175343705,630.450593238965,86.9141588687024
insect.M.distribution200t1.2_PA2_RUN2,0.96,38.4215,2146.32939497033,4429.11149217065,-924.465358309591
insect.M.distribution200t1.2_PA2_RUN2,0.7825,38.1344,2146.32939497033,4429.11149217065,-924.465358309591
