Predictor variable,Categorical,Sample average
PC1,false,8043.577425762068
PC2,false,-1811.1795356272698
PC3,false,-379.5550068831082
