Predictor variable,Categorical,Sample average
PC1,false,2061.9591118984863
PC2,false,3152.347731829564
PC3,false,-378.889509365458
