X,Y,Test or train,Raw prediction,Cumulative prediction,Logistic prediction
1.3308,35.7007,train,0.10896841066151895,56.38296653657297,0.5669959793626026
0.5533,36.0223,train,0.10762249818455752,53.986481343463375,0.5639421816925988
0.71,35.9525,train,0.10778059205498523,54.26639120731056,0.564303118352267
