species,X,Y,PC1,PC2,PC3
insect.M.distribution90t1.1_PA1_RUN2,1.3308,35.7007,2061.96034648044,3152.93257998242,-378.89499606391
insect.M.distribution90t1.1_PA1_RUN2,0.5533,36.0223,2061.9608152263,3152.00009193924,-378.882808072258
insect.M.distribution90t1.1_PA1_RUN2,0.71,35.9525,2061.95617398872,3152.11052356703,-378.890723960206
