Predictor variable,Categorical,Sample average
PC1,false,-2392.797532752735
PC2,false,624.9140464023542
PC3,false,218.48564926833558
