Predictor variable,Categorical,Sample average
PC1,false,-3031.4864256558494
PC2,false,7.987629469645778
PC3,false,-81.68987284298484
