Predictor variable,Categorical,Sample average
PC1,false,4426.752774673628
PC2,false,-422.92675751374355
PC3,false,727.8967286601464
