Predictor variable,Categorical,Sample average
PC1,false,5292.128204177575
PC2,false,-6768.2963796833765
PC3,false,138.3536055871395
