Predictor variable,Categorical,Sample average
PC1,false,4293.666217636149
PC2,false,-1458.755604471438
PC3,false,-773.8102621601839
