Predictor variable,Categorical,Sample average
PC1,false,3672.769578310783
PC2,false,-3034.3125031610575
PC3,false,-768.0462359451758
