Predictor variable,Categorical,Sample average
PC1,false,11231.629262185432
PC2,false,-1438.9775191765991
PC3,false,368.7986619142779
