X,Y,Test or train,Raw prediction,Cumulative prediction,Logistic prediction
1.3308,35.7007,train,0.033189422758967246,93.0899039856357,0.5955682159968925
-40.8758,36.1436,train,0.010635767677458448,9.688413790738137,0.32060872734363827
0.5533,36.0223,train,0.0331798840613782,93.06862769072731,0.5954989786343025
0.71,35.9525,train,0.033181013556228905,93.07114707281399,0.5955071783959964
57.2682,40.9914,train,0.03266734604721772,85.96952219153515,0.5917434995535455
30.9553,36.0985,train,0.03187208571507975,55.50178094449252,0.585776392776112
