Predictor variable,Categorical,Sample average
PC1,false,1462.9263700912518
PC2,false,2506.8712715095758
PC3,false,753.4657215998174
