Predictor variable,Categorical,Sample average
PC1,false,4613.7488788463115
PC2,false,-1230.742930986124
PC3,false,-1202.2169815047782
