X,Y,Test or train,Raw prediction,Cumulative prediction,Logistic prediction
-8.8925,-67.8316,train,0.03425930096623807,66.56676889783004,0.6124891731253606
17.5665,16.2724,train,0.01247819575568266,17.68008240521864,0.3653569647665118
-7.7689,-68.1295,train,0.03552101203027193,69.30291635477921,0.6210374027254739
20.186,5.5223,train,0.03545183954363306,69.15115090730353,0.620578534790325
-37.9346,-51.1023,train,0.04096123439875773,94.98542477462686,0.6539517837860747
