Predictor variable,Categorical,Sample average
PC1,false,-2934.403075085493
PC2,false,-293.59833520765966
PC3,false,-157.78776774966704
