Predictor variable,Categorical,Sample average
PC1,false,1093.332704073458
PC2,false,1749.1764816989248
PC3,false,477.6439170250763
