Raw value,Corresponding cumulative value,Corresponding Logistic value,Fractional area,Training omission,Test omission
8.22856E-2,8.228561045,0.193305174,0.066666667,0.466666667,0
9.9755E-2,18.204059806,0.225106063,0.05,0.466666667,0
2.12987E-1,39.502713881,0.382808954,0.033333333,0.466666667,0
6.04973E-1,100,0.637911768,0.016666667,0.466666667,0
1E0,100,0.744384577,0,0.466666667,0
