Predictor variable,Categorical,Sample average
PC1,false,3351.4804192677007
PC2,false,-3676.516629323093
PC3,false,614.8215558364614
