Predictor variable,Categorical,Sample average
PC1,false,3924.217496035321
PC2,false,-2749.6347656162725
PC3,false,-707.461243848278
