Predictor variable,Categorical,Sample average
PC1,false,3905.1208598406884
PC2,false,-2560.6198671650054
PC3,false,-773.4004067982514
