Predictor variable,Categorical,Sample average
PC1,false,9731.412236120399
PC2,false,6404.544749025291
PC3,false,-86.04051382426748
