Predictor variable,Categorical,Sample average
PC1,false,-2614.053411663828
PC2,false,373.783491683451
PC3,false,-21.793767846997113
