Predictor variable,Categorical,Sample average
PC1,false,4363.718346609717
PC2,false,-2551.2856192835675
PC3,false,-823.2191558120718
