X,Y,Test or train,Raw prediction,Cumulative prediction,Logistic prediction
54.0519,58.7264,train,0.017631140380623207,76.43919074105402,0.5132174151683517
0.7017,37.6501,train,0.01725895996716884,71.90337750436797,0.5078860283859409
2.4041,-43.349,train,0.017030743834256856,63.34063239180403,0.5045587422067523
10.7628,36.5256,train,0.015993947392859406,14.062526540185216,0.4888582610208023
0.96,38.4215,train,0.01725895996716884,71.90337750436797,0.5078860283859409
