Predictor variable,Categorical,Sample average
PC1,false,1435.5088223740722
PC2,false,1066.925823758574
PC3,false,-282.8119707750022
