Predictor variable,Categorical,Sample average
PC1,false,2677.04957335413
PC2,false,1059.2239391598066
PC3,false,-186.48220284659527
