Predictor variable,Categorical,Sample average
PC1,false,55.00544945122366
PC2,false,2190.5222796035264
PC3,false,288.9189705956864
