Predictor variable,Categorical,Sample average
PC1,false,3948.0352803552496
PC2,false,-3278.2038788204027
PC3,false,-410.50168220277305
