Predictor variable,Categorical,Sample average
PC1,false,7477.587884567704
PC2,false,5478.946649342995
PC3,false,284.88534614685426
