Predictor variable,Categorical,Sample average
PC1,false,4076.4423504865667
PC2,false,2264.4106216752316
PC3,false,9.039328890897501
