Predictor variable,Categorical,Sample average
PC1,false,461.751319662854
PC2,false,1816.59724547051
PC3,false,-107.60759659733928
