Predictor variable,Categorical,Sample average
PC1,false,3502.5986950408633
PC2,false,-560.2800441871353
PC3,false,915.3528323038041
