Predictor variable,Categorical,Sample average
PC1,false,3894.5460909794856
PC2,false,-2890.0230533179015
PC3,false,-770.3530296999062
