Predictor variable,Categorical,Sample average
PC1,false,4592.801046298631
PC2,false,-2238.2416046394487
PC3,false,-638.6995458084668
