X,Y,Test or train,Raw prediction,Cumulative prediction,Logistic prediction
9.9701,40.4731,train,0.0135907262573108,30.95643028240261,0.40712285428199396
123.8358,-60.614,train,0.012668697890774525,22.455317924775454,0.3902823190927918
94.4457,45.9801,train,0.06422818294308705,92.60595879609785,0.7644407818652036
100.9356,46.8891,train,0.06850664272740682,93.23629152378273,0.7758547137531467
-7.1929,-7.392,train,0.02763314503424943,86.07580385455661,0.5826730077453302
102.1091,51.5068,train,0.0403733483873364,89.09155587164288,0.6710438434962761
21.9358,2.6891,train,0.01332399526244021,27.704546884552762,0.40234750614446735
