Predictor variable,Categorical,Sample average
PC1,false,6526.585041511113
PC2,false,5172.954202871274
PC3,false,198.4605312021021
