X,Y,Test or train,Raw prediction,Cumulative prediction,Logistic prediction
-54.1515,36.6608,train,0.06867192763394805,100.0,0.7559383578463772
-49.2426,40.4999,train,0.040739143764107914,88.59352852729663,0.6475729750799
1.2062,33.6762,train,0.016397908560218836,27.48675733504799,0.4251547429030159
