X,Y,Test or train,Raw prediction,Cumulative prediction,Logistic prediction
15.5624,35.4876,train,0.03340931578462808,83.48699409022473,0.6216778062205318
8.3977,34.0762,train,0.04540110350091959,87.74641087656478,0.6906964756296415
102.3723,-58.511,train,0.01401290353032592,27.600506062968197,0.4080142590559082
10.7859,32.6553,train,0.021827330444351725,65.93571021296144,0.5177435117948229
10.7666,32.6534,train,0.021827330444351725,65.93571021296144,0.5177435117948229
