Predictor variable,Categorical,Sample average
PC1,false,-4668.934404859056
PC2,false,2115.760628030428
PC3,false,1589.436206720908
