Predictor variable,Categorical,Sample average
PC1,false,8452.425928284847
PC2,false,-1161.7302626049839
PC3,false,-432.5807001777761
