X,Y,Test or train,Raw prediction,Cumulative prediction,Logistic prediction
11.3475,16.3257,train,0.017396249299701863,51.36680593124926,0.5088708033639852
98.1107,46.2216,train,0.016495338114779975,28.61698083898452,0.4955776438499225
4.6553,32.7977,train,0.017392532373412182,51.093376588725405,0.5088173987433348
