Predictor variable,Categorical,Sample average
PC1,false,5129.540220385122
PC2,false,-2226.120852035517
PC3,false,130.02085812492203
