Predictor variable,Categorical,Sample average
PC1,false,-2921.1816569448365
PC2,false,1055.0085547893452
PC3,false,140.36972310822796
