Predictor variable,Categorical,Sample average
PC1,false,750.6808510323127
PC2,false,1486.4945351561296
PC3,false,846.9353609516788
