Predictor variable,Categorical,Sample average
PC1,false,612.1194445372838
PC2,false,1373.2536406751944
PC3,false,-67.16268047164887
