Raw value,Corresponding cumulative value,Corresponding Logistic value,Fractional area,Training omission,Test omission
1.72277E-2,1.722765444,0.037938905,0.066666667,0.566666667,0
1.20929E-1,13.815625247,0.216799375,0.05,0.566666667,0
1.35282E-1,27.343846559,0.236447857,0.033333333,0.566666667,0
7.26562E-1,100,0.624503177,0.016666667,0.566666667,0
1E0,100,0.695961183,0,0.566666667,0
