X,Y,Test or train,Raw prediction,Cumulative prediction,Logistic prediction
32.114,9.2479,train,0.12203159942105228,66.70666335181132,0.6022023433115011
32.3254,9.3393,train,0.12203159942105228,66.70666335181132,0.6022023433115011
10.0454,41.646,train,0.08043122910590729,42.27406883363337,0.4994431330319383
