Predictor variable,Categorical,Sample average
PC1,false,11580.301139405934
PC2,false,-2995.005496229107
PC3,false,772.3733295928067
