Predictor variable,Categorical,Sample average
PC1,false,6197.138169784936
PC2,false,1761.6441098860948
PC3,false,359.4627348098137
