X,Y,Test or train,Raw prediction,Cumulative prediction,Logistic prediction
9.9701,40.4731,train,0.01722111904127869,82.75000362991472,0.5075963703429334
123.8358,-60.614,train,0.01571036751388999,10.573923563848167,0.484647872969409
102.1091,51.5068,train,0.01700474623952027,37.11797696651356,0.5044358419511216
100.9356,46.8891,train,0.017053394410957073,43.21286526602205,0.5051499696918696
17.398,41.9086,train,0.01716558439877719,70.52373686553317,0.5067890352277454
12.1923,17.0014,train,0.017035885217345628,39.62063322347881,0.5048931817970539
21.9358,2.6891,train,0.017277428294825026,97.00352414942654,0.5084122722378244
