Predictor variable,Categorical,Sample average
PC1,false,4333.035714497046
PC2,false,-4744.183966933059
PC3,false,775.0635042596207
