Predictor variable,Categorical,Sample average
PC1,false,532.9715250707422
PC2,false,1600.1516164933603
PC3,false,296.49803221934786
