X,Y,Test or train,Raw prediction,Cumulative prediction,Logistic prediction
21.0529,15.1588,train,0.01855422835297218,33.238628201722555,0.5092841356739268
19.9887,13.6431,train,0.019768210262593112,53.402639574071756,0.5251084149797125
31.8405,45.1568,train,0.01972756296832286,53.207371357646615,0.5245951083021572
