Predictor variable,Categorical,Sample average
PC1,false,5865.230176217487
PC2,false,-1043.0984498591067
PC3,false,251.07755577780134
