species,X,Y,PC1,PC2,PC3
insect.M.distribution250t3.2_PA2_RUN1,21.0529,15.1588,4786.44268359414,-1849.44395186696,984.957793429735
insect.M.distribution250t3.2_PA2_RUN1,19.9887,13.6431,5626.66636442183,-3180.90241662042,498.396748843836
insect.M.distribution250t3.2_PA2_RUN1,19.9887,13.6431,5626.66636442183,-3180.90241662042,498.396748843836
insect.M.distribution250t3.2_PA2_RUN1,31.8405,45.1568,7182.58148063649,1901.05101891006,-730.121874940167
