Predictor variable,Categorical,Sample average
PC1,false,1362.1302506483482
PC2,false,1204.2908895503085
PC3,false,-343.0252176877665
