Predictor variable,Categorical,Sample average
PC1,false,334.2084219238198
PC2,false,-1485.3564809431039
PC3,false,-528.0418461588813
