X,Y,Test or train,Raw prediction,Cumulative prediction,Logistic prediction
20.1294,3.9057,train,0.025801548138387694,67.8669771476792,0.5491016707981341
7.9127,30.9913,train,0.019415609272392904,29.528017726847214,0.478185004463785
10.0454,41.646,train,0.02478379381777401,53.82748677215293,0.539119187726843
