Predictor variable,Categorical,Sample average
PC1,false,872.997332735479
PC2,false,3.1847482091953223
PC3,false,-461.4186187808917
