Predictor variable,Categorical,Sample average
PC1,false,11629.241548975237
PC2,false,-1293.9781394535569
PC3,false,266.26213303251865
