X,Y,Test or train,Raw prediction,Cumulative prediction,Logistic prediction
21.0529,15.1588,train,0.018305930618936588,79.90692248117101,0.5159580787641823
19.8917,13.6869,train,0.01759252307491163,67.93866712570215,0.5060254342951815
33.0864,30.6038,train,0.019363137217878457,81.68651995145811,0.5299640598857828
27.1721,18.9361,train,0.018152301097674305,79.62677628862889,0.5138530168338907
53.1845,-52.0881,train,0.016192525882064074,39.47950499661826,0.48529891049836793
19.8725,13.7334,train,0.01759252307491163,67.93866712570215,0.5060254342951815
46.9672,40.9197,train,0.021474517278139465,89.68864814956862,0.555642555207143
