Predictor variable,Categorical,Sample average
PC1,false,2490.607642068711
PC2,false,-338.3327366354921
PC3,false,1199.3307753742574
