Predictor variable,Categorical,Sample average
PC1,false,4312.656526010295
PC2,false,-1389.145353666682
PC3,false,-827.9148033510736
