Predictor variable,Categorical,Sample average
PC1,false,-1973.9530719860832
PC2,false,-1443.1730335445402
PC3,false,179.49248429400157
