Predictor variable,Categorical,Sample average
PC1,false,9718.502037976426
PC2,false,5981.9976708843715
PC3,false,-81.36966324775332
