Predictor variable,Categorical,Sample average
PC1,false,2117.3289503597703
PC2,false,-3122.601188610806
PC3,false,-26.41380647281365
