X,Y,Test or train,Raw prediction,Cumulative prediction,Logistic prediction
67.6384,45.4558,train,0.016657501521104245,32.98160975075859,0.49867045415441663
107.4503,23.1467,train,0.017559783836333987,64.48106805730542,0.5118558836280693
74.925,38.6494,train,0.016846933157502412,38.96061500326617,0.5014974402949808
