Predictor variable,Categorical,Sample average
PC1,false,942.4899595834515
PC2,false,-2031.2789843232686
PC3,false,1213.7218830255376
