X,Y,Test or train,Raw prediction,Cumulative prediction,Logistic prediction
-54.1515,36.6608,train,0.05724998839489047,36.50958071026844,0.5467821177130636
-168.9006,-56.5336,train,0.04313204532480968,23.48765342671383,0.4761471714217469
-49.2426,40.4999,train,0.058509737816049755,37.05613150112004,0.5521702225206698
