Predictor variable,Categorical,Sample average
PC1,false,8518.03583637546
PC2,false,-1232.9242451105126
PC3,false,-451.41597469714685
