Predictor variable,Categorical,Sample average
PC1,false,4739.340769911105
PC2,false,-6862.950703364719
PC3,false,673.7284708700954
