X,Y,Test or train,Raw prediction,Cumulative prediction,Logistic prediction
19.9887,13.6431,train,0.016666666666666666,1.6666633336733327,0.5000000000000003
19.8917,13.6869,train,0.016666666666666666,1.6666633336733327,0.5000000000000003
33.0864,30.6038,train,0.016666666666666666,1.6666633336733327,0.5000000000000003
31.8405,45.1568,train,0.016666666666666666,1.6666633336733327,0.5000000000000003
