Predictor variable,Categorical,Sample average
PC1,false,3016.369940470555
PC2,false,-491.88616231823994
PC3,false,709.1470187015289
