Predictor variable,Categorical,Sample average
PC1,false,-1239.1460635033704
PC2,false,598.3920582995792
PC3,false,111.04102395971859
