Predictor variable,Categorical,Sample average
PC1,false,1585.9990938285714
PC2,false,1245.48771361481
PC3,false,-455.3451940641566
