X,Y,Test or train,Raw prediction,Cumulative prediction,Logistic prediction
-149.36,-59.8952,train,0.10587609227170185,78.79241847792828,0.6713911786675807
6.63,34.3489,train,0.051820486728581965,67.74044255974884,0.499999998384275
