X,Y,Test or train,Raw prediction,Cumulative prediction,Logistic prediction
19.1228,40.1953,train,0.032290429335262966,46.723396959833096,0.5155626961810137
19.0675,40.1875,train,0.032290429335262966,46.723396959833096,0.5155626961810137
