Predictor variable,Categorical,Sample average
PC1,false,6430.936573812037
PC2,false,2798.466818875735
PC3,false,348.92761449933107
