X,Y,Test or train,Raw prediction,Cumulative prediction,Logistic prediction
9.9701,40.4731,train,0.01676361220438507,57.878304419071206,0.5003708641316703
123.8358,-60.614,train,0.01560820110656816,12.721795035165643,0.4825244580648509
102.1091,51.5068,train,0.01895553804656643,94.4874295021299,0.5310522333203469
100.9356,46.8891,train,0.02024567224235387,96.72031082640083,0.5474106163344827
-7.1932,-7.377,train,0.018285829626590384,93.2725579280923,0.5220854403217173
12.1923,17.0014,train,0.01643347859833658,22.143736751108815,0.49539850282533904
21.9358,2.6891,train,0.016760970796807807,57.79232021237996,0.5003314690662889
