Predictor variable,Categorical,Sample average
PC1,false,1162.5092081576613
PC2,false,-128.4522041769194
PC3,false,-407.77230305751465
