X,Y,Test or train,Raw prediction,Cumulative prediction,Logistic prediction
80.099,49.5909,train,0.02460733544543236,78.33974090131085,0.5552350026421944
119.9502,35.456,train,0.021451447178021915,68.07390894015386,0.5211356298710256
86.7886,54.2751,train,0.025837512965284918,79.21125996723497,0.5672471316769573
5.5091,38.0668,train,0.018718340589605965,44.575697882136396,0.4870790377649777
5.6479,39.2556,train,0.01871403119248669,44.528024448155946,0.4870215139391422
-16.8387,26.3694,train,0.019801769410335863,61.95772681166394,0.5011430270086578
5.4924,38.0538,train,0.018718340589605965,44.575697882136396,0.4870790377649777
5.4932,38.0514,train,0.018718340589605965,44.575697882136396,0.4870790377649777
