Raw value,Corresponding cumulative value,Corresponding Logistic value,Fractional area,Training omission,Test omission
1.65176E-1,16.517605594,0.284092487,0.05,0.391304348,0
1.74766E-1,33.994250379,0.295709667,0.033333333,0.391304348,0
6.60057E-1,100,0.61326653,0.016666667,0.391304348,0
1E0,100,0.706094796,0,0.391304348,0
