Predictor variable,Categorical,Sample average
PC1,false,-105.1491698299993
PC2,false,-225.03944007965356
PC3,false,-552.526645528288
