Predictor variable,Categorical,Sample average
PC1,false,2503.3271454449405
PC2,false,-493.2511597175141
PC3,false,-321.8081655986735
