Predictor variable,Categorical,Sample average
PC1,false,-799.2009874245532
PC2,false,475.2127702771689
PC3,false,311.22184766177793
