Predictor variable,Categorical,Sample average
PC1,false,8491.12329404114
PC2,false,-1546.1639664189693
PC3,false,-487.3630277803344
