Predictor variable,Categorical,Sample average
PC1,false,11205.407957049272
PC2,false,-2151.5027897817317
PC3,false,590.1623920639124
