X,Y,Test or train,Raw prediction,Cumulative prediction,Logistic prediction
67.6384,45.4558,train,0.01759656985158878,37.333551106586064,0.5020129653261063
-50.4376,32.5427,train,0.018306348316768237,45.77948912855972,0.5118967089219718
107.4503,23.1467,train,0.018098350429441606,42.22728041445606,0.5090411929431378
