Predictor variable,Categorical,Sample average
PC1,false,3345.5322411075563
PC2,false,-4625.386785471804
PC3,false,-140.23821221245592
