X,Y,Test or train,Raw prediction,Cumulative prediction,Logistic prediction
-41.8379,-40.0989,train,0.017035556836818073,68.35982613024947,0.505305909709395
2.0269,34.1346,train,0.016781644960678157,45.518370807646875,0.5015518511264717
97.9985,49.3755,train,0.01659822322481147,35.09140416120864,0.4988043403185628
