Predictor variable,Categorical,Sample average
PC1,false,-2399.3164432723397
PC2,false,-2027.0154884510223
PC3,false,-122.36966378030658
