Predictor variable,Categorical,Sample average
PC1,false,2146.2711324867964
PC2,false,404.45258911582005
PC3,false,779.3971086540931
