X,Y,Test or train,Raw prediction,Cumulative prediction,Logistic prediction
19.8917,13.6869,train,0.01694132851830328,70.05523226815467,0.503796013506483
33.0864,30.6038,train,0.01774104947341246,92.22645323203257,0.5153225428230115
31.8405,45.1568,train,0.01648418737287644,39.74617250077776,0.49695749131663297
