Predictor variable,Categorical,Sample average
PC1,false,1811.459690539328
PC2,false,-8078.439819636373
PC3,false,259.5072783105237
