X,Y,Test or train,Raw prediction,Cumulative prediction,Logistic prediction
95.5153,46.077,train,0.05681969934373779,94.60407730238711,0.7530421625170338
98.1107,46.2216,train,0.05624456741973758,94.4265123828607,0.7511453095551323
4.6553,32.7977,train,0.010698277600605129,6.019789282280635,0.3647290774710114
