species,X,Y,PC1,PC2,PC3
insect.M.distribution110t1.1_PA2_RUN2,95.5153,46.077,-1873.01714807728,-13866.6966438278,906.16684192204
insect.M.distribution110t1.1_PA2_RUN2,98.1107,46.2216,-738.387560318606,-13761.5386375202,500.961173912824
insect.M.distribution110t1.1_PA2_RUN2,4.6553,32.7977,8045.78378001387,3392.91582243888,-628.606180903293
