Predictor variable,Categorical,Sample average
PC1,false,-1533.7109424068299
PC2,false,318.54968296633797
PC3,false,658.1350534464075
