Predictor variable,Categorical,Sample average
PC1,false,-606.1161297171084
PC2,false,-686.9371233794054
PC3,false,-6.9478788662159205
