Predictor variable,Categorical,Sample average
PC1,false,213.30131522681305
PC2,false,-1456.607061891637
PC3,false,128.3470373592833
