Predictor variable,Categorical,Sample average
PC1,false,3463.4645816098227
PC2,false,-1014.4548799153405
PC3,false,-288.09257258264205
