X,Y,Test or train,Raw prediction,Cumulative prediction,Logistic prediction
-40.8758,36.1436,train,0.017448270254108715,36.876267481992464,0.49420091605040406
0.5533,36.0223,train,0.022448728027413718,77.85987699030338,0.5569507950205177
0.71,35.9525,train,0.022449020751025724,77.86824484653582,0.5569540126175508
-40.7807,36.1015,train,0.017448270254108715,36.876267481992464,0.49420091605040406
57.2682,40.9914,train,0.022803155313611965,85.95117912501138,0.5608127037764589
0.6689,35.7614,train,0.022451241457907247,77.93172642149871,0.5569784209469075
-51.6012,-1.9385,train,0.014406524517282951,21.855306017107903,0.4465162254891396
1.3308,35.7007,train,0.022451241457907247,77.93172642149871,0.5569784209469075
