Predictor variable,Categorical,Sample average
PC1,false,836.44845609611
PC2,false,1757.751336770798
PC3,false,1144.0025869703106
