X,Y,Test or train,Raw prediction,Cumulative prediction,Logistic prediction
8.3977,34.0762,train,0.016666666666666666,1.6666633336733327,0.5000000000000003
-32.0802,-45.4725,train,0.016666666666666666,1.6666633336733327,0.5000000000000003
102.3723,-58.511,train,0.016666666666666666,1.6666633336733327,0.5000000000000003
10.7859,32.6553,train,0.016666666666666666,1.6666633336733327,0.5000000000000003
102.2257,-58.5488,train,0.016666666666666666,1.6666633336733327,0.5000000000000003
1.5912,-50.8041,train,0.016666666666666666,1.6666633336733327,0.5000000000000003
11.9309,35.4279,train,0.016666666666666666,1.6666633336733327,0.5000000000000003
91.1668,29.8358,train,0.016666666666666666,1.6666633336733327,0.5000000000000003
