Predictor variable,Categorical,Sample average
PC1,false,-1189.8551224952555
PC2,false,-155.71325900999005
PC3,false,645.1166455559941
