Predictor variable,Categorical,Sample average
PC1,false,10925.114301947016
PC2,false,-1113.271548290817
PC3,false,362.91620376613815
