Predictor variable,Categorical,Sample average
PC1,false,2674.548131068642
PC2,false,-2970.409771651918
PC3,false,740.432560317723
