Predictor variable,Categorical,Sample average
PC1,false,2532.013360214783
PC2,false,-3935.2514852342197
PC3,false,748.508782981479
