X,Y,Test or train,Raw prediction,Cumulative prediction,Logistic prediction
-3.1882,-58.9868,train,0.06027576643304692,84.87338807093332,0.7312309611166193
-34.0196,-45.5096,train,0.016238744351934335,46.98731720027277,0.42295531226068656
64.1849,55.1534,train,0.05594910596337251,83.9328222133681,0.716342170535559
-18.0572,5.0463,train,0.036327510999639205,73.30209149029731,0.6211711519764326
118.3176,-58.3883,train,0.013354754778757052,31.373734944412952,0.3760892816619207
