Predictor variable,Categorical,Sample average
PC1,false,9463.08081431224
PC2,false,2974.131452854363
PC3,false,-148.41210947304128
