Predictor variable,Categorical,Sample average
PC1,false,2846.4609734544983
PC2,false,-3677.8710400262294
PC3,false,709.5899375570476
