X,Y,Test or train,Raw prediction,Cumulative prediction,Logistic prediction
-41.8379,-40.0989,train,0.016731428244723418,38.61331845567837,0.5006444510731298
1.5784,34.3551,train,0.01729303101709279,76.37399606375108,0.5088971890162857
2.0269,34.1346,train,0.017293033204089803,76.37412588087061,0.5088972206230119
13.7631,39.1461,train,0.017045393101172753,55.95490197034245,0.5052920253695179
-1.5998,31.6146,train,0.017433873099388642,87.05185093267221,0.5109242531789441
76.9112,58.4886,train,0.015591417578984992,14.401743132078037,0.4830089278269004
1.4044,34.3625,train,0.01729303101709279,76.37399606375108,0.5088971890162857
1.5775,34.355,train,0.01729303101709279,76.37399606375108,0.5088971890162857
122.7125,59.2693,train,0.01686060429904438,43.151296575568544,0.5025671569902777
