Predictor variable,Categorical,Sample average
PC1,false,2053.4135619423123
PC2,false,1986.5092594720918
PC3,false,197.07644699613198
