X,Y,Test or train,Raw prediction,Cumulative prediction,Logistic prediction
15.5624,35.4876,train,0.01981745783515418,88.57116424732456,0.5408816852097635
-32.0802,-45.4725,train,0.015341573961169905,25.90381445177174,0.47699020228479905
102.3723,-58.511,train,0.01632140843348761,52.522494335574095,0.492452324373994
10.7859,32.6553,train,0.01886425899841918,86.14339002396659,0.5286182946382936
91.6036,28.9099,train,0.0166008471861735,65.56496790699403,0.4966958197218626
10.7666,32.6534,train,0.01886425899841918,86.14339002396659,0.5286182946382936
