Predictor variable,Categorical,Sample average
PC1,false,-1725.2690903018656
PC2,false,592.7314065770366
PC3,false,659.5205297274891
