Predictor variable,Categorical,Sample average
PC1,false,8174.908610486274
PC2,false,-2308.304281623577
PC3,false,-452.19297714592176
