Predictor variable,Categorical,Sample average
PC1,false,4332.485119935436
PC2,false,-3171.6718011085586
PC3,false,-5.2402369354455685
