X,Y,Test or train,Raw prediction,Cumulative prediction,Logistic prediction
-34.0196,-45.5096,train,0.020899130834208166,72.90370496770376,0.5438630421729569
64.1849,55.1534,train,0.015689209703882167,23.164575327630157,0.4723208190199611
-18.0572,5.0463,train,0.024039146848475988,100.0,0.5783199455569206
89.7819,22.4683,train,0.016195073724208833,24.93567653905171,0.48023627213592035
-19.7049,4.0879,train,0.025180693571507415,100.0,0.5895908772552384
