Predictor variable,Categorical,Sample average
PC1,false,1466.013352169927
PC2,false,751.2564298101302
PC3,false,296.2196847741105
