Predictor variable,Categorical,Sample average
PC1,false,-127.37760539442448
PC2,false,855.3570290026415
PC3,false,102.89205434391349
