X,Y,Test or train,Raw prediction,Cumulative prediction,Logistic prediction
73.899,42.4236,train,0.01695103703780134,69.36039707326779,0.504088545592909
31.9863,-31.4955,train,0.016676065156673633,54.19983519646204,0.49999999999749195
