X,Y,Test or train,Raw prediction,Cumulative prediction,Logistic prediction
32.114,9.2479,train,0.021771874652077788,47.710793187576684,0.5186175288956951
32.3254,9.3393,train,0.021771874652077788,47.710793187576684,0.5186175288956951
102.8431,49.1864,train,0.01753952205437131,20.241078995723804,0.4646446816252857
9.9871,41.6435,train,0.024275821493437256,67.43569251509786,0.545713593114065
31.954,8.993,train,0.021771874652077788,47.710793187576684,0.5186175288956951
