Predictor variable,Categorical,Sample average
PC1,false,10708.07784100677
PC2,false,-70.71934327519803
PC3,false,335.627341518446
