Predictor variable,Categorical,Sample average
PC1,false,2059.200178465026
PC2,false,1311.7169672791028
PC3,false,-187.07930266597026
