X,Y,Test or train,Raw prediction,Cumulative prediction,Logistic prediction
-16.8466,26.3714,train,0.01866092914859953,56.066681065061225,0.5005285879232697
119.9502,35.456,train,0.019620652045021707,58.96748185173672,0.5130632894504777
86.7886,54.2751,train,0.022046963225831672,79.67013038027177,0.5421142900108201
5.6479,39.2556,train,0.018011738688670335,45.226209509506546,0.49167728363977076
5.5091,38.0668,train,0.01801433801124558,45.3176769329707,0.49171334925860505
5.4924,38.0538,train,0.01801433801124558,45.3176769329707,0.49171334925860505
5.4932,38.0514,train,0.01801433801124558,45.3176769329707,0.49171334925860505
5.5152,38.0576,train,0.01801433801124558,45.3176769329707,0.49171334925860505
62.595,55.1597,train,0.024930826829268143,84.96593394836776,0.5724336684097925
