Predictor variable,Categorical,Sample average
PC1,false,1916.7014204399202
PC2,false,-1728.6911926761863
PC3,false,-430.8781948266133
