Predictor variable,Categorical,Sample average
PC1,false,6263.747185306906
PC2,false,-2753.6561792289754
PC3,false,434.4581296015399
