Predictor variable,Categorical,Sample average
PC1,false,994.8325256234514
PC2,false,1774.897753190732
PC3,false,-279.28484128918046
