X,Y,Test or train,Raw prediction,Cumulative prediction,Logistic prediction
19.1228,40.1953,train,0.034967753000877386,34.25387982516401,0.500000003831374
7.764,42.0,train,0.042277339893794175,43.437013630333475,0.5473142513369312
