Predictor variable,Categorical,Sample average
PC1,false,10198.239909112352
PC2,false,1698.3088108510635
PC3,false,-738.51518209247
