X,Y,Test or train,Raw prediction,Cumulative prediction,Logistic prediction
-40.8758,36.1436,train,0.01565521001671378,22.862015471591583,0.48005364698323066
0.5533,36.0223,train,0.019228547929256427,92.46405910595116,0.5313997490000789
77.9262,56.7389,train,0.01753358749584477,40.39311137532401,0.5083709128170616
-40.7807,36.1015,train,0.01565521001671378,22.862015471591583,0.48005364698323066
57.2682,40.9914,train,0.01917453048236982,90.10589618409256,0.5306991649650394
0.6689,35.7614,train,0.019229546733834868,92.47850571505789,0.5314126833888217
-51.6012,-1.9385,train,0.015626555674336667,22.780948419694745,0.47959638865654736
30.9553,36.0985,train,0.019089325471032315,67.90783471563667,0.5295898228177649
