Predictor variable,Categorical,Sample average
PC1,false,-462.9542357968529
PC2,false,1534.2392504137629
PC3,false,999.8192088109292
