Predictor variable,Categorical,Sample average
PC1,false,2846.8611645488004
PC2,false,16.220201555701664
PC3,false,-193.1979781444391
