Predictor variable,Categorical,Sample average
PC1,false,2452.8628358003625
PC2,false,1791.0464480049884
PC3,false,-347.970235065287
