Predictor variable,Categorical,Sample average
PC1,false,2064.7251647706516
PC2,false,1242.488580106924
PC3,false,-195.9471276685688
