Predictor variable,Categorical,Sample average
PC1,false,-64.36918146597522
PC2,false,1439.5682507447268
PC3,false,1125.8401360104585
