Predictor variable,Categorical,Sample average
PC1,false,2461.419347232442
PC2,false,-1013.7482687942216
PC3,false,-268.6803434110887
