Predictor variable,Categorical,Sample average
PC1,false,3899.619790680287
PC2,false,-3423.208711978375
PC3,false,-668.8707450799546
