Predictor variable,Categorical,Sample average
PC1,false,2562.9743022483212
PC2,false,1241.8764838513864
PC3,false,715.006441863423
