X,Y,Test or train,Raw prediction,Cumulative prediction,Logistic prediction
-47.525,35.0639,train,0.035614148440486625,70.15971347690657,0.5283926049472775
6.63,34.3489,train,0.04075121293093651,81.6675204960096,0.5617913486873167
