Predictor variable,Categorical,Sample average
PC1,false,-456.82105767723027
PC2,false,95.86791889213818
PC3,false,-525.5079897944495
