X,Y,Test or train,Raw prediction,Cumulative prediction,Logistic prediction
67.6384,45.4558,train,0.016627738612610524,20.569059182805976,0.49149990990375114
25.7219,42.8766,train,0.018732233863350618,67.40124971338412,0.5212795977121887
107.4503,23.1467,train,0.018407737291220434,60.54955779456737,0.5169173258131142
