Predictor variable,Categorical,Sample average
PC1,false,3106.0798001308162
PC2,false,-2305.7666808239833
PC3,false,-320.283402567454
