species,X,Y,PC1,PC2,PC3
insect.M.distribution160t1.2_PA1_RUN2,67.6384,45.4558,835.62072583228,1570.94530448578,-463.021743507345
insect.M.distribution160t1.2_PA1_RUN2,25.7219,42.8766,4480.63578587144,1763.93881458167,-290.546377492741
insect.M.distribution160t1.2_PA1_RUN2,107.4503,23.1467,4001.98288868873,-10252.1841615394,-207.282086702276
