Predictor variable,Categorical,Sample average
PC1,false,2868.0184152676775
PC2,false,947.0003607643037
PC3,false,-197.57730704197135
