Predictor variable,Categorical,Sample average
PC1,false,3763.0671601864688
PC2,false,-2991.237649483123
PC3,false,-679.3724713410778
