Predictor variable,Categorical,Sample average
PC1,false,-3479.429037892514
PC2,false,1584.7509209515695
PC3,false,-348.87430044336253
