X,Y,Test or train,Raw prediction,Cumulative prediction,Logistic prediction
-0.5947,35.4562,train,0.0366817306356783,87.66118189439631,0.6632142958298202
109.4701,32.2945,train,0.0153611510386273,39.400400097296,0.4519522607959215
94.4103,-56.7947,train,0.016848322203584724,50.70080380870962,0.4749269420506294
-0.5848,35.3176,train,0.0366817306356783,87.66118189439631,0.6632142958298202
94.353,-56.7876,train,0.01698056219885032,51.712429567122186,0.47687695200272145
42.7197,58.9328,train,0.017783482680708337,62.46236796131164,0.48841272076000425
94.3811,-56.8496,train,0.01698056219885032,51.712429567122186,0.47687695200272145
9.7282,37.1139,train,0.027244983694221146,81.33107668966734,0.5939314486333067
64.405,-61.9631,train,0.017341287505869135,55.99751764604953,0.4821233018797898
