X,Y,Test or train,Raw prediction,Cumulative prediction,Logistic prediction
7.9496,42.4842,train,0.06405789003200776,45.641766241975475,0.5196209553581238
7.764,42.0,train,0.07131780316992745,59.13828526585251,0.5463373864449728
