Predictor variable,Categorical,Sample average
PC1,false,3797.748330310766
PC2,false,-2027.4260594035507
PC3,false,-599.6439084650583
