Predictor variable,Categorical,Sample average
PC1,false,-3581.477942836358
PC2,false,-851.2369737363302
PC3,false,328.33217931931995
