Predictor variable,Categorical,Sample average
PC1,false,1652.9954482212704
PC2,false,-1358.2016416807328
PC3,false,798.1190622419308
