Predictor variable,Categorical,Sample average
PC1,false,8541.061754247605
PC2,false,4327.903587523601
PC3,false,-4.514596320264567
