Predictor variable,Categorical,Sample average
PC1,false,3293.4375178568735
PC2,false,941.4438412089614
PC3,false,-297.71379579267204
