Predictor variable,Categorical,Sample average
PC1,false,4130.17613466486
PC2,false,-2011.0616815143615
PC3,false,-638.9330592590896
