Predictor variable,Categorical,Sample average
PC1,false,852.1018636850825
PC2,false,1689.7117057058888
PC3,false,-192.1587414933899
