X,Y,Test or train,Raw prediction,Cumulative prediction,Logistic prediction
-54.1515,36.6608,train,0.03441799765192249,76.72880941254263,0.6085361549310893
-168.9006,-56.5336,train,0.029427717884369108,57.721528932434374,0.5706541507157699
1.2062,33.6762,train,0.015698689509494684,17.741552704656012,0.4148771892370343
-49.2426,40.4999,train,0.03548743757480413,80.93261319036053,0.6158007874166201
