X,Y,Test or train,Raw prediction,Cumulative prediction,Logistic prediction
99.4583,62.3936,train,0.016843059236432527,65.10352937350098,0.5015034693847013
8.7655,39.7378,train,0.017240159249397015,79.15356245941751,0.507328660328396
32.4277,-30.4923,train,0.01658668126237702,32.7327544113171,0.4976688364429257
19.443,43.0475,train,0.016456209313816108,30.024515059308964,0.49569463399948643
91.3854,49.5669,train,0.017927677085628802,90.59247865356792,0.5170985708127498
