Predictor variable,Categorical,Sample average
PC1,false,828.0085974663198
PC2,false,363.504436315548
PC3,false,-375.3926075938865
