Predictor variable,Categorical,Sample average
PC1,false,1079.237319350919
PC2,false,-4689.764038267377
PC3,false,1690.7149755554512
