X,Y,Test or train,Raw prediction,Cumulative prediction,Logistic prediction
80.099,49.5909,train,0.022403283937100026,74.80808693464161,0.5363660974427062
119.9502,35.456,train,0.020223295968378407,62.632769727017944,0.5108356434873552
86.7886,54.2751,train,0.023233452373523786,75.88747219304094,0.5454014254421796
88.8679,53.214,train,0.02329443417652335,75.96679251855103,0.54605127014931
5.6479,39.2556,train,0.0182654314508752,48.70049316483121,0.4853852734920392
5.5091,38.0668,train,0.01826856855450918,48.75797485782772,0.48542817094758467
5.4893,38.0506,train,0.01826856855450918,48.75797485782772,0.48542817094758467
5.4932,38.0514,train,0.01826856855450918,48.75797485782772,0.48542817094758467
