Predictor variable,Categorical,Sample average
PC1,false,167.00118966370633
PC2,false,-413.90035273298315
PC3,false,-455.6336263866415
