X,Y,Test or train,Raw prediction,Cumulative prediction,Logistic prediction
1.3308,35.7007,train,0.023155718045343242,90.68892096499913,0.564633814457202
-40.8758,36.1436,train,0.01567831548838076,23.505158171544583,0.46755235317735455
0.71,35.9525,train,0.023153707436475345,90.66669732413715,0.5646124686682192
