species,X,Y,PC1,PC2,PC3
insect.M.distribution90t1.3_PA2_RUN2,1.3308,35.7007,2061.96034648044,3152.93257998242,-378.89499606391
insect.M.distribution90t1.3_PA2_RUN2,-40.8758,36.1436,-9014.99921776721,-538.857682459256,5314.98819886046
insect.M.distribution90t1.3_PA2_RUN2,0.71,35.9525,2061.95617398872,3152.11052356703,-378.890723960206
