Predictor variable,Categorical,Sample average
PC1,false,4236.454203146671
PC2,false,-2697.786667726104
PC3,false,-748.857154292778
