Predictor variable,Categorical,Sample average
PC1,false,1581.6395198377013
PC2,false,1955.9026092615084
PC3,false,547.0158747640353
