X,Y,Test or train,Raw prediction,Cumulative prediction,Logistic prediction
7.9127,30.9913,train,0.020273283994711334,28.459991850634506,0.49245229918116024
32.3254,9.3393,train,0.021677510708936257,39.41039240407428,0.5091935371206836
10.0454,41.646,train,0.02473577697276532,62.64306074350985,0.5420885648176303
