Predictor variable,Categorical,Sample average
PC1,false,8939.915985859452
PC2,false,3699.3659013533165
PC3,false,-8.42418336556212
