X,Y,Test or train,Raw prediction,Cumulative prediction,Logistic prediction
54.0519,58.7264,train,0.01684082308299572,76.92517833144733,0.5025826016286227
0.7017,37.6501,train,0.01675189940559415,68.1910344801301,0.5012590631623072
2.4041,-43.349,train,0.016748038352380968,66.33225533759507,0.5012014357440286
10.7628,36.5256,train,0.016518010601446836,16.227512534421887,0.497744003135264
0.7825,38.1344,train,0.01675189940559415,68.1910344801301,0.5012590631623072
