X,Y,Test or train,Raw prediction,Cumulative prediction,Logistic prediction
-41.8379,-40.0989,train,0.021927150943338764,72.35233555971371,0.5533867724569004
1.5784,34.3551,train,0.017696411581001135,32.703982863342596,0.5000001132254918
2.0269,34.1346,train,0.017696395571007727,32.703840748694326,0.4999998870496852
