Predictor variable,Categorical,Sample average
PC1,false,5020.2486564405535
PC2,false,1604.7910434863036
PC3,false,-190.56303492510634
