Predictor variable,Categorical,Sample average
PC1,false,2132.260437926332
PC2,false,-1947.279187906156
PC3,false,768.5286524487279
