Raw value,Corresponding cumulative value,Corresponding Logistic value,Fractional area,Training omission,Test omission
1.6129E-2,1.612903226,0.030504233,0.05,0.612903226,0
2.77902E-1,29.403118385,0.351543275,0.033333333,0.612903226,0
7.05969E-1,100,0.579333888,0.016666667,0.612903226,0
1E0,100,0.661105313,0,0.612903226,0
