Predictor variable,Categorical,Sample average
PC1,false,4932.452508008762
PC2,false,-5071.601054019724
PC3,false,885.2616397280335
