Predictor variable,Categorical,Sample average
PC1,false,-718.0200208032412
PC2,false,505.30036891501004
PC3,false,220.56690284442584
