species,X,Y,PC1,PC2,PC3
insect.M.distribution100t3.3_PA2_RUN1,73.5722,59.7387,-17234.803983665,1170.85408779692,1882.08364814858
insect.M.distribution100t3.3_PA2_RUN1,1.5784,34.3551,3146.07230525582,4100.40718728182,-105.814654719255
insect.M.distribution100t3.3_PA2_RUN1,2.0269,34.1346,3146.07643442166,4100.42311088165,-105.799565537346
insect.M.distribution100t3.3_PA2_RUN1,97.9985,49.3755,-1878.07694074317,-14590.1262995925,45.1598134186962
insect.M.distribution100t3.3_PA2_RUN1,1.5775,34.355,3146.07230525582,4100.40718728182,-105.814654719255
insect.M.distribution100t3.3_PA2_RUN1,2.0269,34.1346,3146.07643442166,4100.42311088165,-105.799565537346
insect.M.distribution100t3.3_PA2_RUN1,-1.5998,31.6146,5366.53975465542,4149.83693984035,-286.413169524865
insect.M.distribution100t3.3_PA2_RUN1,1.5784,34.3551,3146.07230525582,4100.40718728182,-105.814654719255
