X,Y,Test or train,Raw prediction,Cumulative prediction,Logistic prediction
-40.8758,36.1436,train,0.018405793458363396,79.29569571491818,0.5201286386512571
0.5533,36.0223,train,0.016250904857696154,67.9319905614427,0.48901207085879034
77.9262,56.7389,train,0.019064010163976405,83.71061199257028,0.5288915024421826
