Predictor variable,Categorical,Sample average
PC1,false,-6252.344250184404
PC2,false,1369.5145359748547
PC3,false,981.9802398449807
