species,X,Y,PC1,PC2,PC3
insect.M.distribution90t1.1_PA1_RUN1,-40.8758,36.1436,-9014.99921776721,-538.857682459256,5314.98819886046
insect.M.distribution90t1.1_PA1_RUN1,0.5533,36.0223,2061.9608152263,3152.00009193924,-378.882808072258
insect.M.distribution90t1.1_PA1_RUN1,77.9262,56.7389,-11803.9943480123,1495.40119844458,-1990.16467125326
