Predictor variable,Categorical,Sample average
PC1,false,5782.097825274397
PC2,false,-5025.138880725519
PC3,false,471.95445882898275
