Predictor variable,Categorical,Sample average
PC1,false,1411.1123816483725
PC2,false,1187.0719131534122
PC3,false,125.74360424482184
