Predictor variable,Categorical,Sample average
PC1,false,2865.762442905443
PC2,false,-758.5383728915746
PC3,false,-138.9165435966691
