X,Y,Test or train,Raw prediction,Cumulative prediction,Logistic prediction
73.4066,39.989,train,0.016666666666666666,1.6666633336733327,0.5000000000000003
18.7074,40.8828,train,0.016666666666666666,1.6666633336733327,0.5000000000000003
18.8008,40.9082,train,0.016666666666666666,1.6666633336733327,0.5000000000000003
0.3109,34.0248,train,0.016666666666666666,1.6666633336733327,0.5000000000000003
