Predictor variable,Categorical,Sample average
PC1,false,871.1612584521245
PC2,false,1519.8931383980319
PC3,false,-292.4703734279648
