Predictor variable,Categorical,Sample average
PC1,false,4536.97578953203
PC2,false,723.1409427841508
PC3,false,-170.79950825261437
