Predictor variable,Categorical,Sample average
PC1,false,2521.262542143141
PC2,false,-397.7385305244497
PC3,false,-225.8062892775846
