X,Y,Test or train,Raw prediction,Cumulative prediction,Logistic prediction
31.9863,-31.4955,train,0.01621905735636784,25.775804651418554,0.49157176284732096
75.5176,40.162,train,0.016061747774409347,23.521712053959217,0.4891360744265077
9.177,40.6294,train,0.01809069198554808,70.75498860840324,0.5188646605444638
19.7184,43.5586,train,0.01734589108547649,51.95442181080738,0.5083623652225058
10.7649,37.8912,train,0.018080087270236463,70.61942210467127,0.5187182753014642
74.5215,42.7568,train,0.015845536838015293,18.19453081583233,0.4857500600365322
17.5927,37.0722,train,0.0177729104097664,64.6636801163177,0.514439068650938
9.6866,41.3584,train,0.017615500214994424,57.85502245608023,0.5122166019498763
