species,X,Y,PC1,PC2,PC3
insect.M.distribution170t3.3_PA2_RUN2,31.9863,-31.4955,367.037169981192,-72.0972186123871,625.761808620969
insect.M.distribution170t3.3_PA2_RUN2,75.5176,40.162,-27.2168481925348,8049.72122879738,-224.776076021088
insect.M.distribution170t3.3_PA2_RUN2,9.177,40.6294,4784.74255241715,-2352.13672236822,-493.716273474724
insect.M.distribution170t3.3_PA2_RUN2,19.7184,43.5586,3084.09551205036,-2770.09004729393,1.47076818465126
insect.M.distribution170t3.3_PA2_RUN2,10.7649,37.8912,4761.02318879248,-3138.21407570899,-444.956994642812
insect.M.distribution170t3.3_PA2_RUN2,74.5215,42.7568,-575.438684959875,3317.06121331651,-515.367262597343
insect.M.distribution170t3.3_PA2_RUN2,17.5927,37.0722,4067.85994929704,-3128.16755967983,-522.763827943062
insect.M.distribution170t3.3_PA2_RUN2,9.6866,41.3584,3707.99749775932,-3087.98506264613,-232.102456347268
