Predictor variable,Categorical,Sample average
PC1,false,11229.013520587847
PC2,false,-1034.6412137895597
PC3,false,344.53497718925325
