Predictor variable,Categorical,Sample average
PC1,false,-432.34742213900984
PC2,false,2362.4929834167747
PC3,false,361.517912320277
