X,Y,Test or train,Raw prediction,Cumulative prediction,Logistic prediction
1.3308,35.7007,train,0.03223966062586083,86.50192622862205,0.5947739765706304
-40.8758,36.1436,train,0.011071704931442383,11.025275923576787,0.33513107891030164
0.5533,36.0223,train,0.03223095827830063,86.4364315637782,0.594708908942093
77.9262,56.7389,train,0.01995197179890588,31.469779906078358,0.4759852547170073
57.2682,40.9914,train,0.031763134515012094,74.93549491425658,0.5911799574908969
0.6689,35.7614,train,0.03223966062586083,86.50192622862205,0.5947739765706304
30.9553,36.0985,train,0.03103636658540668,59.06314044997917,0.585574140052561
