Predictor variable,Categorical,Sample average
PC1,false,6090.4222185847075
PC2,false,-4250.499042031341
PC3,false,476.47894544260004
