Raw value,Corresponding cumulative value,Corresponding Logistic value,Fractional area,Training omission,Test omission
4.48281E-2,4.482810917,0.088256033,0.05,0.541666667,0
2.90524E-1,33.535219674,0.3855004,0.033333333,0.541666667,0
6.64648E-1,100,0.589356239,0.016666667,0.541666667,0
1E0,100,0.683478221,0,0.541666667,0
