Predictor variable,Categorical,Sample average
PC1,false,2371.6421496359294
PC2,false,-1424.3789257513174
PC3,false,-293.02576066654154
