Predictor variable,Categorical,Sample average
PC1,false,-888.4521346592696
PC2,false,-766.9432099620097
PC3,false,577.9190462527181
