Predictor variable,Categorical,Sample average
PC1,false,-6.156072201066204
PC2,false,-524.8393649545541
PC3,false,207.67420847767698
