Raw value,Corresponding cumulative value,Corresponding Logistic value,Fractional area,Training omission,Test omission
1.02932E-1,10.293180738,0.177624183,0.05,0.382352941,0
1.52958E-1,25.588962732,0.242976051,0.033333333,0.382352941,0
7.4411E-1,100,0.609591437,0.016666667,0.382352941,0
1E0,100,0.677249699,0,0.382352941,0
