X,Y,Test or train,Raw prediction,Cumulative prediction,Logistic prediction
-41.8379,-40.0989,train,0.017232458643402605,85.59682006361709,0.5081258224415688
73.5722,59.7387,train,0.015908704341946606,15.346304140985294,0.4881466758505496
97.9985,49.3755,train,0.016677647768745623,34.18402258802069,0.49994519545954486
1.5775,34.355,train,0.016937200535284015,44.801327435893356,0.5038058849492116
2.0269,34.1346,train,0.016937200750252384,44.80133254657193,0.5038058881220489
13.7631,39.1461,train,0.016956650467629043,45.36182010244865,0.5040927912745047
-1.5998,31.6146,train,0.01705319561215716,59.427894928591535,0.5055120336936113
1.2426,34.3996,train,0.016937200535284015,44.801327435893356,0.5038058849492116
