Predictor variable,Categorical,Sample average
PC1,false,997.4917748197602
PC2,false,188.7568086633014
PC3,false,117.01172224689063
