Predictor variable,Categorical,Sample average
PC1,false,684.0600750239353
PC2,false,1066.000768701234
PC3,false,111.89439722042113
