Predictor variable,Categorical,Sample average
PC1,false,5295.472657206315
PC2,false,-2127.559371156374
PC3,false,497.6295260774325
