Predictor variable,Categorical,Sample average
PC1,false,2540.972559517928
PC2,false,-1480.3060900253051
PC3,false,-193.37284155083213
