Predictor variable,Categorical,Sample average
PC1,false,4198.318383470181
PC2,false,-1982.7086506546877
PC3,false,-698.7787685257117
