X,Y,Test or train,Raw prediction,Cumulative prediction,Logistic prediction
32.114,9.2479,train,0.02370939410240962,43.57689773110741,0.5134807800982399
7.9127,30.9913,train,0.021491338984756643,29.310776676141938,0.4889305247749027
10.0454,41.646,train,0.028772741775906763,63.79697326166437,0.5615594255873416
