X,Y,Test or train,Raw prediction,Cumulative prediction,Logistic prediction
88.8679,53.214,train,0.015711520544646553,32.582699540569536,0.4589733449874317
5.6479,39.2556,train,0.027458236465318243,88.21333410044815,0.5971960608369916
5.5091,38.0668,train,0.027345177359958724,87.49429869326536,0.5962031442378384
-16.8387,26.3694,train,0.010615911977479893,9.903495180995776,0.364353824124289
5.4924,38.0538,train,0.027345177359958724,87.49429869326536,0.5962031442378384
5.4893,38.0506,train,0.027345177359958724,87.49429869326536,0.5962031442378384
5.4932,38.0514,train,0.027345177359958724,87.49429869326536,0.5962031442378384
