Predictor variable,Categorical,Sample average
PC1,false,2787.911679082509
PC2,false,-1556.6220793343873
PC3,false,-345.318347354066
