Predictor variable,Categorical,Sample average
PC1,false,3198.837814813295
PC2,false,1845.7795452834607
PC3,false,524.3271565967939
