Predictor variable,Categorical,Sample average
PC1,false,10802.744185949097
PC2,false,-262.7247969750932
PC3,false,173.93935853530968
