Predictor variable,Categorical,Sample average
PC1,false,4150.380429501963
PC2,false,-3060.2929743447453
PC3,false,-854.0231541707831
