Predictor variable,Categorical,Sample average
PC1,false,11110.770859005534
PC2,false,-135.57866900532312
PC3,false,153.10422297533964
