X,Y,Test or train,Raw prediction,Cumulative prediction,Logistic prediction
9.9701,40.4731,train,0.014312723648347092,23.11790572717081,0.4561407806461221
123.8358,-60.614,train,0.016673528081200813,53.218863483788326,0.49419637955227175
102.1091,51.5068,train,0.02552478064349319,96.02801672499331,0.5993150420209425
100.9356,46.8891,train,0.03318641764250058,97.7652499033095,0.6604057382220702
-7.1932,-7.377,train,0.02044570205012382,88.84649391814949,0.54506111887421
12.1923,17.0014,train,0.01388687953665199,1.3886859076682139,0.4486582563202068
