Predictor variable,Categorical,Sample average
PC1,false,5304.7288248681425
PC2,false,3744.2898637299277
PC3,false,539.899685664808
