Predictor variable,Categorical,Sample average
PC1,false,3571.029447917308
PC2,false,-2795.2371857909216
PC3,false,371.8507730651675
