X,Y,Test or train,Raw prediction,Cumulative prediction,Logistic prediction
-47.525,35.0639,train,0.2436350853090955,77.6382614387682,0.7074151889703512
-149.36,-59.8952,train,0.1723479514858294,67.83729384205034,0.6310460557547629
