Predictor variable,Categorical,Sample average
PC1,false,-1677.0046708328518
PC2,false,336.7728906980663
PC3,false,688.3473264656403
