Predictor variable,Categorical,Sample average
PC1,false,3647.985884587405
PC2,false,-2683.15103641298
PC3,false,-744.1558824675238
