Predictor variable,Categorical,Sample average
PC1,false,9711.979959660846
PC2,false,4508.780839332071
PC3,false,-65.70171196849095
