Predictor variable,Categorical,Sample average
PC1,false,816.817997073984
PC2,false,1059.741115935451
PC3,false,1142.7036067111287
