Predictor variable,Categorical,Sample average
PC1,false,1980.467465113165
PC2,false,1617.7698606420752
PC3,false,858.7350674972258
