Predictor variable,Categorical,Sample average
PC1,false,1764.5679426430193
PC2,false,-856.5634902888634
PC3,false,-363.3822491280354
