Predictor variable,Categorical,Sample average
PC1,false,11111.728380107334
PC2,false,-801.4438389511876
PC3,false,236.4444551671314
