Predictor variable,Categorical,Sample average
PC1,false,2993.8620979220464
PC2,false,635.8512955733631
PC3,false,-242.3137924579818
