Predictor variable,Categorical,Sample average
PC1,false,-756.5068190721657
PC2,false,-818.9493380094547
PC3,false,508.54623099813944
