Predictor variable,Categorical,Sample average
PC1,false,-231.35232896264625
PC2,false,1794.7943945270003
PC3,false,56.636403874462374
