Predictor variable,Categorical,Sample average
PC1,false,2053.468778357904
PC2,false,818.7258769961783
PC3,false,-78.1771856198389
