Predictor variable,Categorical,Sample average
PC1,false,1511.650088772526
PC2,false,533.8028117617453
PC3,false,-305.4762688609927
