X,Y,Test or train,Raw prediction,Cumulative prediction,Logistic prediction
54.0519,58.7264,train,0.018361626285009862,73.38709839311794,0.5222594671868493
2.4041,-43.349,train,0.017475891852450267,59.54312734627321,0.5099127322318674
85.465,58.0811,train,0.015575267608770751,18.852325129936133,0.48113846669255267
0.96,38.4215,train,0.017511978859919508,61.425722480063456,0.5104282263896869
0.7825,38.1344,train,0.017511978859919508,61.425722480063456,0.5104282263896869
