Predictor variable,Categorical,Sample average
PC1,false,618.0167719992754
PC2,false,1935.8399988085393
PC3,false,-359.6432760535162
