Predictor variable,Categorical,Sample average
PC1,false,-2560.02594251438
PC2,false,2600.148100664677
PC3,false,-915.9834637591252
