X,Y,Test or train,Raw prediction,Cumulative prediction,Logistic prediction
1.3308,35.7007,train,0.032761648920942445,75.86197152799713,0.589551407908766
77.9262,56.7389,train,0.022980165429031734,32.542272962953746,0.5018710196764155
0.71,35.9525,train,0.032752809351964826,75.85570802591644,0.5894861076538424
