species,X,Y,PC1,PC2,PC3
insect.M.distribution90t1.2_PA2_RUN1,1.3308,35.7007,2061.96034648044,3152.93257998242,-378.89499606391
insect.M.distribution90t1.2_PA2_RUN1,77.9262,56.7389,-11803.9943480123,1495.40119844458,-1990.16467125326
insect.M.distribution90t1.2_PA2_RUN1,0.71,35.9525,2061.95617398872,3152.11052356703,-378.890723960206
