Predictor variable,Categorical,Sample average
PC1,false,599.5942308710474
PC2,false,-159.58270872808797
PC3,false,-467.7217797524682
