X,Y,Test or train,Raw prediction,Cumulative prediction,Logistic prediction
95.5153,46.077,train,0.060506438086760955,94.20596256087579,0.7600654382718618
94.3441,39.1797,train,0.06744892388979433,97.1612587624764,0.7793115907336707
4.6553,32.7977,train,0.010762431319630703,9.610097384724098,0.3603950383261437
