X,Y,Test or train,Raw prediction,Cumulative prediction,Logistic prediction
21.0529,15.1588,train,0.028826504212576657,92.17434206547188,0.6095871542673438
19.9887,13.6431,train,0.03154961732326018,94.15917056982148,0.6308449543192315
33.0864,30.6038,train,0.016150546069997815,38.6260881076071,0.4666087204908423
31.8405,45.1568,train,0.013098068500048014,15.782854667151177,0.4150194289840957
27.1721,18.9361,train,0.018485196566249563,57.810913061307446,0.5003130376558732
21.1241,15.519,train,0.028826504212576657,92.17434206547188,0.6095871542673438
53.1845,-52.0881,train,0.018560327541327293,58.04378821163275,0.5013270717671856
20.3082,15.5946,train,0.02761552692889267,86.59571237730039,0.5993266117840874
19.912,13.6439,train,0.03154961732326018,94.15917056982148,0.6308449543192315
