Predictor variable,Categorical,Sample average
PC1,false,4109.91143338672
PC2,false,-700.7612555011749
PC3,false,700.3597668817241
