Predictor variable,Categorical,Sample average
PC1,false,2452.817424170254
PC2,false,-2397.593760379006
PC3,false,718.1681658124188
