X,Y,Test or train,Raw prediction,Cumulative prediction,Logistic prediction
20.1294,3.9057,train,0.02911208619069948,67.70817121145302,0.5728256176488935
32.114,9.2479,train,0.022150593311450445,40.902123840990946,0.5050248008287224
10.0454,41.646,train,0.027570733369592766,61.73341907034393,0.559464839845201
102.8431,49.1864,train,0.014342439336346208,15.484406169951088,0.39782366236195377
32.495,9.4316,train,0.022150447190671708,40.899439661511764,0.5050231518152395
10.0629,41.6494,train,0.027570733369592766,61.73341907034393,0.559464839845201
32.3254,9.3393,train,0.022150593311450445,40.902123840990946,0.5050248008287224
9.9871,41.6435,train,0.027570733369592766,61.73341907034393,0.559464839845201
