Predictor variable,Categorical,Sample average
PC1,false,11497.30010895183
PC2,false,-859.9231933835597
PC3,false,207.93139940219436
