species,X,Y,PC1,PC2,PC3
insect.M.distribution130t3.3_PA2_RUN1,20.1294,3.9057,13085.1081709424,-748.363332385307,-256.521019139355
insect.M.distribution130t3.3_PA2_RUN1,32.114,9.2479,11032.2134468808,-3048.92375245807,1098.23230085194
insect.M.distribution130t3.3_PA2_RUN1,10.0454,41.646,12676.4765244562,-2887.16898377118,120.65538707454
insect.M.distribution130t3.3_PA2_RUN1,102.8431,49.1864,7767.27233993525,11680.3435247694,-1737.21558203813
insect.M.distribution130t3.3_PA2_RUN1,32.495,9.4316,11032.1638936068,-3052.01128322289,1098.75703346754
insect.M.distribution130t3.3_PA2_RUN1,10.0629,41.6494,12676.4765244562,-2887.16898377118,120.65538707454
insect.M.distribution130t3.3_PA2_RUN1,32.3254,9.3393,11032.2134468808,-3048.92375245807,1098.23230085194
insect.M.distribution130t3.3_PA2_RUN1,9.9871,41.6435,12676.4765244562,-2887.16898377118,120.65538707454
