Predictor variable,Categorical,Sample average
PC1,false,3291.483071821963
PC2,false,-2610.0857487727617
PC3,false,-384.20451137715565
