Predictor variable,Categorical,Sample average
PC1,false,8729.584091589273
PC2,false,-733.7238477956903
PC3,false,-506.74591860810165
