X,Y,Test or train,Raw prediction,Cumulative prediction,Logistic prediction
19.1228,40.1953,train,0.02524132473735309,66.6202861419561,0.5563155402798929
19.0675,40.1875,train,0.02524132473735309,66.6202861419561,0.5563155402798929
7.9496,42.4842,train,0.026221553245829272,67.98530351147191,0.5656982431414843
7.764,42.0,train,0.026224431287928146,67.98931230814209,0.5657252073812443
15.8295,43.1459,train,0.024236312646259618,61.1899341306976,0.5462651607688233
7.7644,42.0013,train,0.026224431287928146,67.98931230814209,0.5657252073812443
19.4402,40.2154,train,0.025217148845611125,66.58661999996374,0.5560790042866923
97.4127,45.5087,train,0.011187739173382274,6.6391746366573825,0.35722198372464414
97.3889,45.5044,train,0.016726291714554083,25.262509255082083,0.45381238553433295
