Predictor variable,Categorical,Sample average
PC1,false,1361.9613184864627
PC2,false,-883.8907700790455
PC3,false,-482.53462466010154
