Predictor variable,Categorical,Sample average
PC1,false,2065.676771013482
PC2,false,1214.5247120846175
PC3,false,-454.6738053601437
