X,Y,Test or train,Raw prediction,Cumulative prediction,Logistic prediction
31.9863,-31.4955,train,0.013876208616658212,11.871963101042686,0.4448554830201055
75.5176,40.162,train,0.01754807954618707,46.2863378118697,0.5033223896928847
9.177,40.6294,train,0.018900311978351014,57.79089256574125,0.521866959341154
113.0814,60.9084,train,0.02599421492472872,100.0,0.60018098000844
74.5215,42.7568,train,0.0190136020116886,59.31859212161653,0.5233579498779166
17.5927,37.0722,train,0.019052460377951334,59.745436155212346,0.5238672186508817
9.6866,41.3584,train,0.017583602157686277,47.25962317942574,0.5038279277526782
