Predictor variable,Categorical,Sample average
PC1,false,932.3513202512019
PC2,false,1111.8536427321708
PC3,false,-280.1956100538537
