X,Y,Test or train,Raw prediction,Cumulative prediction,Logistic prediction
9.6879,40.4002,train,0.01767820123311885,72.4112567779327,0.5089420112741554
99.4583,62.3936,train,0.01686602505428574,49.79106528015911,0.49718522822933914
8.7655,39.7378,train,0.017677378133937896,72.40755318708018,0.5089303746911937
32.4277,-30.4923,train,0.016352399835663906,31.095388113752694,0.48945511700671335
91.3854,49.5669,train,0.019127553315098054,85.11480524807668,0.5286110669422674
