Predictor variable,Categorical,Sample average
PC1,false,768.1294615409122
PC2,false,297.44272859201203
PC3,false,-496.96633872840994
