Predictor variable,Categorical,Sample average
PC1,false,5924.187925315896
PC2,false,-5289.633106651762
PC3,false,182.65144266158578
