Predictor variable,Categorical,Sample average
PC1,false,2487.2912336779436
PC2,false,-2948.650669231338
PC3,false,775.6355915216236
