Predictor variable,Categorical,Sample average
PC1,false,8686.491211482802
PC2,false,-1153.2058044194441
PC3,false,-491.0817463048049
