Predictor variable,Categorical,Sample average
PC1,false,4003.6422159593217
PC2,false,-703.013136742364
PC3,false,553.9665481112959
