X,Y,Test or train,Raw prediction,Cumulative prediction,Logistic prediction
21.0529,15.1588,train,0.020203006372623684,93.88468201821708,0.5419432998197553
19.9887,13.6431,train,0.02139080828782921,97.26321770073726,0.5560875268881381
33.0864,30.6038,train,0.014399212427977722,6.573700403313805,0.45748056568486
31.8405,45.1568,train,0.017190055300648602,51.79116335302727,0.5016669987908835
53.1845,-52.0881,train,0.019044561025975668,85.89207783525794,0.5272525977590146
19.8725,13.7334,train,0.02139080828782921,97.26321770073726,0.5560875268881381
