X,Y,Test or train,Raw prediction,Cumulative prediction,Logistic prediction
-16.8466,26.3714,train,0.017632684141975864,48.03771993645247,0.49945523676833403
119.9502,35.456,train,0.018260935734706378,54.60706628155502,0.5082069707837166
86.7886,54.2751,train,0.019809396246410583,80.91565313874493,0.5285247673566484
5.6479,39.2556,train,0.01720217670359186,34.835521775788756,0.49327606567045207
-16.8387,26.3694,train,0.017632684141975864,48.03771993645247,0.49945523676833403
5.4924,38.0538,train,0.017203909678126957,34.87562420082706,0.49330124526061836
5.5152,38.0576,train,0.017203909678126957,34.87562420082706,0.49330124526061836
5.5037,38.0611,train,0.017203909678126957,34.87562420082706,0.49330124526061836
71.1641,54.9237,train,0.02207513936219199,85.70814431605268,0.5554012838148722
