Predictor variable,Categorical,Sample average
PC1,false,1369.155028505203
PC2,false,-524.6956797433263
PC3,false,-447.866897756905
