Predictor variable,Categorical,Sample average
PC1,false,1227.5721047022337
PC2,false,1587.5911811910366
PC3,false,807.065098026209
