Predictor variable,Categorical,Sample average
PC1,false,2688.111482214878
PC2,false,-2004.8917554971572
PC3,false,-398.5393008427671
