Predictor variable,Categorical,Sample average
PC1,false,7788.012393468205
PC2,false,-3174.5192345918185
PC3,false,-357.5060984643924
