Predictor variable,Categorical,Sample average
PC1,false,3824.3629986737665
PC2,false,-1056.579962395644
PC3,false,872.5410067725112
