Predictor variable,Categorical,Sample average
PC1,false,890.6299441255802
PC2,false,2021.4698356728238
PC3,false,-335.83524300310046
