Predictor variable,Categorical,Sample average
PC1,false,-255.4019938511721
PC2,false,428.5411868521445
PC3,false,-507.7324584048635
