Predictor variable,Categorical,Sample average
PC1,false,6659.992071670134
PC2,false,4177.6215276384555
PC3,false,260.1601416226363
