Predictor variable,Categorical,Sample average
PC1,false,2909.2968862882785
PC2,false,-2705.510145283711
PC3,false,620.7611572661897
