Predictor variable,Categorical,Sample average
PC1,false,9300.887814888883
PC2,false,5913.535494305573
PC3,false,3.608492610480938
