Predictor variable,Categorical,Sample average
PC1,false,927.5312559559159
PC2,false,242.73269589724788
PC3,false,1678.9330516688083
