X,Y,Test or train,Raw prediction,Cumulative prediction,Logistic prediction
21.0529,15.1588,train,0.019070122459889146,53.80460419467571,0.48863845612167345
19.9887,13.6431,train,0.01655417728706691,50.237397380158754,0.45340103305971313
33.0864,30.6038,train,0.0302351184842742,71.27835496818749,0.6023885199762352
27.1721,18.9361,train,0.019289132089619663,55.67731546532017,0.491492069305644
46.9672,40.9197,train,0.03757326955606216,76.88219526857938,0.6531050607932654
