Predictor variable,Categorical,Sample average
PC1,false,5463.782701311698
PC2,false,-7135.529476179226
PC3,false,57.79390574242701
