Predictor variable,Categorical,Sample average
PC1,false,-3059.128959535521
PC2,false,752.5290585382996
PC3,false,220.99726832385767
