Predictor variable,Categorical,Sample average
PC1,false,872.636047235745
PC2,false,2000.16357273662
PC3,false,263.31525664538776
