X,Y,Test or train,Raw prediction,Cumulative prediction,Logistic prediction
-41.8379,-40.0989,train,0.025962581072710707,73.015772756638,0.5777662292993566
1.5784,34.3551,train,0.018973565555648005,33.28828716187947,0.5000001579050586
2.0269,34.1346,train,0.018973541598158568,33.28821050310056,0.4999998422355486
