Predictor variable,Categorical,Sample average
PC1,false,209.27067188061005
PC2,false,1543.8655364544707
PC3,false,-18.484152346751397
