Predictor variable,Categorical,Sample average
PC1,false,-3780.6876400938636
PC2,false,201.00878063439848
PC3,false,184.87485449322713
