X,Y,Test or train,Raw prediction,Cumulative prediction,Logistic prediction
9.9701,40.4731,train,0.027502406829360938,63.47400666503055,0.5610498814856615
94.4457,45.9801,train,0.021517132682008947,37.73092254155232,0.500000000082314
