Predictor variable,Categorical,Sample average
PC1,false,10653.230926158554
PC2,false,5466.81273297994
PC3,false,-497.76198081335303
