Predictor variable,Categorical,Sample average
PC1,false,7980.1252087114135
PC2,false,-2598.4830453678233
PC3,false,-443.3035514307284
