X,Y,Test or train,Raw prediction,Cumulative prediction,Logistic prediction
0.5533,36.0223,train,0.033339553627935684,71.5755913691144,0.5712539983202892
77.9262,56.7389,train,0.06150479742116121,86.93313753534723,0.7108138449884497
0.71,35.9525,train,0.033340612552328265,71.57610150155543,0.5712617773714477
