Predictor variable,Categorical,Sample average
PC1,false,-2560.0257862657604
PC2,false,2599.83727131695
PC3,false,-915.9794010952413
