species,X,Y,PC1,PC2,PC3
insect.M.distribution90t1.2_PA1_RUN2,0.5533,36.0223,2061.9608152263,3152.00009193924,-378.882808072258
insect.M.distribution90t1.2_PA1_RUN2,77.9262,56.7389,-11803.9943480123,1495.40119844458,-1990.16467125326
insect.M.distribution90t1.2_PA1_RUN2,0.71,35.9525,2061.95617398872,3152.11052356703,-378.890723960206
