Predictor variable,Categorical,Sample average
PC1,false,2055.0770502644546
PC2,false,-2479.5009124578773
PC3,false,847.8198652029284
