Predictor variable,Categorical,Sample average
PC1,false,4417.594581740127
PC2,false,-2153.6849627798388
PC3,false,-795.8436852198325
