X,Y,Test or train,Raw prediction,Cumulative prediction,Logistic prediction
-54.1515,36.6608,train,0.04786928849676334,61.89857297244595,0.6346816594320938
-168.9006,-56.5336,train,0.04231329273318885,53.97112410410594,0.6056304471311248
-49.2426,40.4999,train,0.04884287098765468,62.76737112418355,0.6393372313856961
1.2062,33.6762,train,0.01653666184073431,27.406903744861847,0.3750669726047619
