X,Y,Test or train,Raw prediction,Cumulative prediction,Logistic prediction
21.0529,15.1588,train,0.017579596742556564,63.54859857183692,0.5055496045940127
19.9887,13.6431,train,0.016862233336946825,59.79988465020617,0.4951343495655859
33.0864,30.6038,train,0.020134877364364114,74.65359474373683,0.5393966352036955
