Predictor variable,Categorical,Sample average
PC1,false,46.47497841400466
PC2,false,1821.6377959137071
PC3,false,-36.64496489927176
