Raw value,Corresponding cumulative value,Corresponding Logistic value,Fractional area,Training omission,Test omission
7.89018E-3,0.78901802,0.008890283,0.05,0.318181818,0
1.60729E-2,2.396307341,0.017944731,0.033333333,0.318181818,0
9.76037E-1,100,0.525980365,0.016666667,0.318181818,0
1E0,100,0.532023604,0,0.318181818,0
