Predictor variable,Categorical,Sample average
PC1,false,3185.3756125046384
PC2,false,-3475.980379033341
PC3,false,676.7275096318567
