Predictor variable,Categorical,Sample average
PC1,false,6419.091241462253
PC2,false,-5395.373937290848
PC3,false,285.69769296205186
