Predictor variable,Categorical,Sample average
PC1,false,-3875.2091286226764
PC2,false,561.3965859728831
PC3,false,-73.9867788763333
