Predictor variable,Categorical,Sample average
PC1,false,-3621.4383588536098
PC2,false,634.2940423052398
PC3,false,305.5642808203039
