X,Y,Test or train,Raw prediction,Cumulative prediction,Logistic prediction
-0.5947,35.4562,train,0.01963046821193737,86.28148797830696,0.538497923948374
3.4722,-47.3345,train,0.01567732811251686,36.09548896092387,0.4823647753487544
94.4103,-56.7947,train,0.01675369953133817,75.31408620646104,0.49895833412861645
-0.5848,35.3176,train,0.01963046821193737,86.28148797830696,0.538497923948374
94.353,-56.7876,train,0.016749124180627184,75.29939283414728,0.4988900513834019
