Raw value,Corresponding cumulative value,Corresponding Logistic value,Fractional area,Training omission,Test omission
2.05112E-1,20.511208196,0.356890626,0.05,0.263157895,0
2.41251E-1,44.636339345,0.394937834,0.033333333,0.263157895,0
5.53637E-1,100,0.59966429,0.016666667,0.263157895,0
1E0,100,0.730136113,0,0.263157895,0
