Predictor variable,Categorical,Sample average
PC1,false,11190.510555022556
PC2,false,-1188.9200630383464
PC3,false,300.6178429113616
